m_A0_GeV,B1B3_UL_blue
0.21013824884792626,3.1874859259722884e-07
0.22013824884792627,3.203843108029035e-07
0.23013824884792627,3.205589991549658e-07
0.24013824884792628,3.242070745412298e-07
0.2501382488479263,3.753041829340876e-07
0.2601382488479263,4.40631572038542e-07
0.2701382488479263,4.4895199159888673e-07
0.2801382488479263,4.5203536563602405e-07
0.2901382488479263,4.5203536563602405e-07
0.30013824884792634,3.5740081962230724e-07
0.31013824884792635,3.63549634722383e-07
0.32013824884792635,3.6748370693876704e-07
0.33013824884792636,3.7360595771877566e-07
0.34013824884792637,3.773809468862443e-07
0.3501382488479264,3.825742061796322e-07
0.3601382488479264,3.8980159151852256e-07
0.3701382488479264,3.9402167524010607e-07
0.3801382488479264,3.981071705534969e-07
0.3901382488479264,4.007357704011536e-07
0.4001382488479264,4.0695823772021586e-07
0.41013824884792643,4.085196108726499e-07
0.42013824884792644,4.142298383054175e-07
0.43013824884792645,4.197828261208008e-07
0.44013824884792646,4.208602715178153e-07
0.45013824884792647,4.245653818580227e-07
0.4601382488479265,4.275968357727375e-07
0.4701382488479265,4.3190733990080735e-07
0.4801382488479265,4.3444122987293683e-07
0.4901382488479265,4.3444122987293683e-07
0.5001382488479265,4.4139517981330934e-07
0.5101382488479265,4.4139517981330934e-07
0.5201382488479265,4.4506895125515296e-07
0.5301382488479265,4.484604392161547e-07
0.5401382488479265,4.484604392161547e-07
0.5501382488479265,4.4886261843839014e-07
0.5601382488479265,4.537244707004173e-07
0.5701382488479265,4.5563878977339606e-07
0.5801382488479265,5.420543030826139e-07
0.5901382488479265,5.806652230690678e-07
0.6001382488479265,6.12566572291126e-07
0.6101382488479266,6.443389766809895e-07
0.6201382488479266,5.892865727440549e-07
0.6301382488479266,5.654356605479173e-07
0.6401382488479266,4.6176506514760934e-07
0.6501382488479266,4.592709387993499e-07
0.6601382488479266,4.593853482648665e-07
0.6701382488479266,4.6293204169587777e-07
0.6801382488479266,4.6293204169587777e-07
0.6901382488479266,4.6293204169587777e-07
0.7001382488479266,4.6293204169587777e-07
0.7101382488479266,5.241786823956063e-07
0.7201382488479267,5.898323394778184e-07
0.7301382488479267,6.359464104535259e-07
0.7401382488479267,6.531824739637322e-07
0.7501382488479267,5.888153392680457e-07
0.7601382488479267,5.324687363658714e-07
0.7701382488479267,4.6484480129244535e-07
0.7801382488479267,4.618108289338159e-07
0.7901382488479267,4.592709387993499e-07
0.8001382488479267,4.592709387993499e-07
0.8101382488479267,4.592709387993499e-07
0.8201382488479267,4.592709387993499e-07
0.8301382488479268,4.592709387993499e-07
0.8401382488479268,4.6089555320968435e-07
0.8501382488479268,4.688600356750669e-07
0.8601382488479268,5.696200331758812e-07
0.8701382488479268,6.067164102522636e-07
0.8801382488479268,7.440774857890676e-07
0.8901382488479268,7.894597210273815e-07
0.9001382488479268,7.763578038215005e-07
0.9101382488479268,6.20744283841655e-07
0.9201382488479268,5.913649579079754e-07
0.9301382488479268,5.154577541927487e-07
0.9401382488479268,4.6662232927030744e-07
0.9501382488479269,4.880167827046478e-07
0.9601382488479269,5.734269062064237e-07
0.9701382488479269,6.117464098695849e-07
0.9801382488479269,6.640987626232935e-07
0.9901382488479269,6.148498753485303e-07
1.000138248847927,5.884315553249229e-07
1.010138248847927,5.043272783634641e-07
1.020138248847927,4.735524208669002e-07
1.030138248847927,4.7409139089632936e-07
1.040138248847927,4.7409139089632936e-07
1.050138248847927,4.7409139089632936e-07
1.060138248847927,4.7409139089632936e-07
1.070138248847927,4.7409139089632936e-07
1.080138248847927,5.640127002872418e-07
1.090138248847927,6.018813054822495e-07
1.100138248847927,6.359052357499822e-07
1.110138248847927,6.15199239412266e-07
1.120138248847927,5.898834131851143e-07
1.130138248847927,5.023654370641116e-07
1.140138248847927,4.735992878259804e-07
1.150138248847927,4.72169845574016e-07
1.160138248847927,4.7409139089632936e-07
1.170138248847927,4.7409139089632936e-07
1.180138248847927,5.098143953826271e-07
1.190138248847927,6.753977855456826e-07
1.200138248847927,7.13490841306796e-07
1.210138248847927,7.742980077428781e-07
1.220138248847927,7.066953065293751e-07
1.230138248847927,6.359675938439062e-07
1.2401382488479271,5.018029893878545e-07
1.2501382488479271,4.7409139089632936e-07
1.2601382488479271,4.7409139089632936e-07
1.2701382488479271,4.712325063923987e-07
1.2801382488479272,4.703420341698635e-07
1.2901382488479272,4.703420341698635e-07
1.3001382488479272,4.703420341698635e-07
1.3101382488479272,4.7104503855607626e-07
1.3201382488479272,4.7409139089632936e-07
1.3301382488479272,4.949103693201354e-07
1.3401382488479272,6.611874245810748e-07
1.3501382488479272,7.980479086691995e-07
1.3601382488479272,9.56668055557075e-07
1.3701382488479272,9.739518416091133e-07
1.3801382488479272,9.430525138725303e-07
1.3901382488479272,7.909837070208353e-07
1.4001382488479273,6.662613133201594e-07
1.4101382488479273,5.886974837724435e-07
1.4201382488479273,5.387917280255106e-07
1.4301382488479273,4.6862167065381827e-07
1.4401382488479273,4.6966783765681945e-07
1.4501382488479273,5.612414509261803e-07
1.4601382488479273,6.00081377744662e-07
1.4701382488479273,6.798455949565276e-07
1.4801382488479273,6.154446022228583e-07
1.4901382488479273,5.665289295961331e-07
1.5001382488479273,4.705187602370486e-07
1.5101382488479274,4.6662232927030744e-07
1.5201382488479274,4.6662232927030744e-07
1.5301382488479274,4.6662232927030744e-07
1.5401382488479274,4.6662232927030744e-07
1.5501382488479274,4.6662232927030744e-07
1.5601382488479274,4.6662232927030744e-07
1.5701382488479274,4.6662232927030744e-07
1.5801382488479274,4.6662232927030744e-07
1.5901382488479274,4.6662232927030744e-07
1.6001382488479274,4.6662232927030744e-07
1.6101382488479274,4.6662232927030744e-07
1.6201382488479275,5.138401086969038e-07
1.6301382488479275,5.7986759960893e-07
1.6401382488479275,6.238003971356328e-07
1.6501382488479275,6.144100006113855e-07
1.6601382488479275,5.783684393831525e-07
1.6701382488479275,5.086310946525632e-07
1.6801382488479275,4.6293204169587777e-07
1.6901382488479275,4.6293204169587777e-07
1.7001382488479275,4.6293204169587777e-07
1.7101382488479275,4.6293204169587777e-07
1.7201382488479275,4.6293204169587777e-07
1.7301382488479276,4.6293204169587777e-07
1.7401382488479276,4.6293204169587777e-07
1.7501382488479276,4.6293204169587777e-07
1.7601382488479276,5.470352516937072e-07
1.7701382488479276,5.835093958117152e-07
1.7801382488479276,6.27965713224179e-07
1.7901382488479276,5.88862718440757e-07
1.8001382488479276,5.357850215894999e-07
1.8101382488479276,4.778706358208398e-07
1.8201382488479276,5.416850510239534e-07
1.8301382488479276,5.914815694314749e-07
1.8401382488479276,6.380173423830921e-07
1.8501382488479277,5.850447709717933e-07
1.8601382488479277,5.286737272276958e-07
1.8701382488479277,4.656115130805494e-07
1.8801382488479277,4.592709387993499e-07
1.8901382488479277,4.592709387993499e-07
1.9001382488479277,4.592709387993499e-07
1.9101382488479277,4.592709387993499e-07
1.9201382488479277,4.626345770855356e-07
1.9301382488479277,5.486467063696041e-07
1.9401382488479277,5.790114365914317e-07
1.9501382488479277,6.30413411524562e-07
1.9601382488479278,5.826561560727736e-07
1.9701382488479278,5.522238458867793e-07
1.9801382488479278,5.703751874038818e-07
1.9901382488479278,6.081436587907861e-07
2.000138248847928,5.903908000212032e-07
2.010138248847928,5.615951531849062e-07
2.020138248847928,4.887144571189463e-07
2.030138248847928,5.230974190901609e-07
2.040138248847928,5.717366911680559e-07
2.050138248847928,6.291188286693898e-07
2.060138248847928,7.221881839209166e-07
2.070138248847928,8.282806731208779e-07
2.080138248847928,9.611514320345081e-07
2.090138248847928,1.0553305135375548e-06
2.100138248847928,9.186805123813808e-07
2.110138248847928,7.489880707979252e-07
2.120138248847928,6.454573835554836e-07
2.130138248847928,4.92671698536972e-07
2.140138248847928,4.5563878977339606e-07
2.150138248847928,5.369867970947223e-07
2.160138248847928,5.956791066956032e-07
2.170138248847928,7.614359168755668e-07
2.180138248847928,8.915983134589323e-07
2.190138248847928,8.086171079151865e-07
2.200138248847928,6.872457280003125e-07
2.210138248847928,6.088689357785228e-07
2.220138248847928,5.586542385364834e-07
2.230138248847928,6.049996866936994e-07
2.2401382488479284,5.876829025000524e-07
2.2501382488479282,5.78187855753066e-07
2.260138248847928,5.89277844613919e-07
2.2701382488479283,6.563074402717077e-07
2.2801382488479285,6.723357536499335e-07
2.2901382488479283,6.723357536499335e-07
2.300138248847928,6.74781053120847e-07
2.3101382488479283,6.479265698592823e-07
2.3201382488479285,5.736486702802331e-07
2.3301382488479283,5.291972858971979e-07
2.340138248847928,4.684274974311653e-07
2.3501382488479283,5.059711139035318e-07
2.3601382488479286,5.442877855958899e-07
2.3701382488479283,5.900837110426948e-07
2.380138248847928,5.56075619346814e-07
2.3901382488479284,5.32826073815881e-07
2.4001382488479286,4.6357500821056e-07
2.4101382488479284,5.158631572974449e-07
2.420138248847928,5.501172625624846e-07
2.4301382488479284,5.80424497237191e-07
2.4401382488479286,5.460860343342501e-07
2.4501382488479284,4.891075631244036e-07
2.460138248847928,4.509226186834076e-07
2.4701382488479284,4.4491378513929e-07
2.4801382488479287,4.4491378513929e-07
2.4901382488479284,4.4491378513929e-07
2.5001382488479282,4.4491378513929e-07
2.5101382488479285,4.4823877333635175e-07
2.5201382488479287,6.020665891472672e-07
2.5301382488479285,6.526506706502113e-07
2.5401382488479283,7.389629313960575e-07
2.5501382488479285,6.44314624321251e-07
2.5601382488479287,7.246597450418124e-07
2.5701382488479285,8.421150240875773e-07
2.5801382488479283,9.769779304102864e-07
2.5901382488479285,9.892873049762903e-07
2.6001382488479288,8.920328802137347e-07
2.6101382488479286,7.982485085316787e-07
2.6201382488479283,7.429771197270401e-07
2.6301382488479286,7.059283199292046e-07
2.640138248847929,6.79260563858528e-07
2.6501382488479286,6.306605769205154e-07
2.6601382488479284,5.690883252880168e-07
2.6701382488479286,5.208038675339014e-07
2.680138248847929,5.963233436090443e-07
2.6901382488479286,7.483744557059578e-07
2.7001382488479284,9.01234936304592e-07
2.7101382488479286,9.87815200012863e-07
2.720138248847929,9.056764624617617e-07
2.7301382488479287,8.088931810797278e-07
2.7401382488479284,7.902648573133722e-07
2.7501382488479287,1.0614022100003942e-06
2.760138248847929,1.1403035196983908e-06
2.7701382488479287,1.1374251571077864e-06
2.7801382488479285,9.196075284560151e-07
2.7901382488479287,8.464325833575137e-07
2.800138248847929,8.60566893558195e-07
2.8101382488479287,8.036208866023003e-07
2.8201382488479285,7.116358725840585e-07
2.8301382488479288,5.590344890828725e-07
2.840138248847929,6.715726202463597e-07
2.8501382488479288,8.582313739450846e-07
2.8601382488479286,1.0896767986984786e-06
2.870138248847929,9.711553405485583e-07
2.880138248847929,8.585324069949641e-07
2.890138248847929,7.128731196855338e-07
2.9001382488479286,8.163139595604812e-07
2.910138248847929,7.892014438645667e-07
2.920138248847929,7.238948964602997e-07
2.930138248847929,7.261820356786692e-07
2.9401382488479286,8.265887042462628e-07
2.950138248847929,9.29399997698181e-07
2.960138248847929,7.229041201055973e-07
2.970138248847929,5.760309445035997e-07
2.9801382488479287,5.254066398169073e-07
2.990138248847929,6.076988635991959e-07
3.000138248847929,6.597545068345779e-07
3.010138248847929,6.844589359189228e-07
3.0201382488479287,6.177252972949593e-07
3.030138248847929,7.28757276146865e-07
3.040138248847929,8.425031717104475e-07
3.050138248847929,9.742098818607838e-07
3.0601382488479287,9.957986038152467e-07
3.070138248847929,1.1193323751571422e-06
3.080138248847929,1.3213100925549363e-06
3.090138248847929,1.5394532439703012e-06
3.1001382488479288,1.2642186024075025e-06
3.110138248847929,1.058957726251427e-06
3.1201382488479292,9.585328018448341e-07
3.130138248847929,9.901983522098632e-07
3.140138248847929,9.054445993808605e-07
3.150138248847929,8.142105562414979e-07
3.1601382488479293,1.0246998944158976e-06
3.170138248847929,1.2182849743040875e-06
3.180138248847929,1.6344591265750235e-06
3.190138248847929,1.927996885223596e-06
3.2001382488479293,1.5184926856799106e-06
3.210138248847929,1.205744486057997e-06
3.220138248847929,9.045026092243352e-07
3.230138248847929,7.849642776380068e-07
3.2401382488479293,9.048420359487227e-07
3.250138248847929,9.318288141114612e-07
3.260138248847929,8.838542017728641e-07
3.270138248847929,7.680197026397398e-07
3.2801382488479294,6.926524497175134e-07
3.290138248847929,8.849377381615258e-07
3.300138248847929,1.2611972208317518e-06
3.310138248847929,1.5947807734286976e-06
3.3201382488479294,1.494777808773519e-06
3.330138248847929,1.2128195419868011e-06
3.340138248847929,9.920196434191564e-07
3.350138248847929,1.010569209106084e-06
3.3601382488479294,9.227863405113065e-07
3.3701382488479292,8.436361729757296e-07
3.380138248847929,8.513342441084212e-07
3.3901382488479292,9.138522178555342e-07
3.4001382488479295,9.513307671532759e-07
3.4101382488479293,1.0079715535803355e-06
3.420138248847929,1.0768295550132732e-06
3.4301382488479293,1.090201069521593e-06
3.4401382488479295,9.243786306800996e-07
3.4501382488479293,6.879124088173206e-07
3.460138248847929,5.922404582076215e-07
3.4701382488479293,5.653476314515187e-07
3.4801382488479295,8.730963377733804e-07
3.4901382488479293,1.2305960628002765e-06
3.500138248847929,1.3276275365682993e-06
3.5101382488479294,1.2805295252373784e-06
3.5201382488479296,1.1482788993201404e-06
3.5301382488479294,8.594928679605695e-07
3.540138248847929,6.513180342367714e-07
3.5501382488479294,6.361786920020891e-07
3.5601382488479296,6.332176980941585e-07
3.5701382488479294,7.574152006188481e-07
3.580138248847929,8.381810704614064e-07
3.5901382488479294,9.088410085182405e-07
3.6001382488479297,8.457197782031942e-07
3.6101382488479294,8.916687321560163e-07
3.6201382488479292,1.082128508511995e-06
3.6301382488479295,1.224756189296716e-06
3.6401382488479297,1.18543272238127e-06
3.6501382488479295,1.0776590758802177e-06
3.6601382488479293,1.0299915843694578e-06
3.6701382488479295,1.0075609968072066e-06
3.6801382488479297,8.778061085313836e-07
3.6901382488479295,7.360178250721434e-07
3.7001382488479293,7.715288549622697e-07
3.7101382488479295,7.972266003892944e-07
3.7201382488479298,8.067635363620324e-07
3.7301382488479295,8.189643850957467e-07
3.7401382488479293,1.0650077733595976e-06
3.7501382488479296,1.222345718043417e-06
3.76013824884793,1.341093402695072e-06
3.7701382488479296,1.1985311672991734e-06
3.7801382488479294,9.891426608884325e-07
3.7901382488479296,8.599235317038984e-07
3.80013824884793,9.840456559046625e-07
3.8101382488479296,1.0698444527245151e-06
3.8201382488479294,1.0422422472393349e-06
3.8301382488479296,9.342204253126735e-07
3.84013824884793,1.0849991061734833e-06
3.8501382488479297,1.2083535887045234e-06
3.8601382488479294,1.3928058730652966e-06
3.8701382488479297,1.283808173443218e-06
3.88013824884793,1.127810707590995e-06
3.8901382488479297,1.009753714652751e-06
3.9001382488479295,9.332387672298995e-07
3.9101382488479297,7.761313290319442e-07
3.92013824884793,6.697319138188728e-07
3.9301382488479297,7.005959405727177e-07
3.9401382488479295,7.368011980615533e-07
3.9501382488479297,1.0800679736548933e-06
3.96013824884793,1.21024025835112e-06
3.9701382488479298,1.4421735775933467e-06
3.9801382488479295,1.3586751566421527e-06
3.99013824884793,1.1389622346619273e-06
4.00013824884793,9.754717810130327e-07
4.010138248847929,9.128428660379997e-07
4.020138248847929,8.896215196774798e-07
4.03013824884793,9.486076167358221e-07
4.04013824884793,9.433878206939848e-07
4.050138248847929,8.962227973152528e-07
4.060138248847929,7.97715537384972e-07
4.07013824884793,8.218684039384996e-07
4.08013824884793,9.281543420784653e-07
4.090138248847929,1.0116017599918395e-06
4.100138248847929,9.786700043492864e-07
4.11013824884793,8.717687435386947e-07
4.12013824884793,7.522435204355118e-07
4.1301382488479295,6.654536227879162e-07
4.140138248847929,6.569924745358755e-07
4.15013824884793,7.721332807930095e-07
4.16013824884793,8.691756446038638e-07
4.1701382488479295,9.194073589508714e-07
4.180138248847929,8.494331832403436e-07
4.19013824884793,9.030214520827338e-07
4.20013824884793,1.0382790119698676e-06
4.2101382488479295,1.0740746899339705e-06
4.220138248847929,9.838812201243706e-07
4.230138248847929,9.00413385444311e-07
4.24013824884793,9.324939606379374e-07
4.25013824884793,1.02693015216269e-06
4.260138248847929,1.0832408015670694e-06
4.27013824884793,9.996749123417106e-07
4.28013824884793,8.882743457653233e-07
4.29013824884793,8.392757585658724e-07
4.300138248847929,7.955163070932623e-07
4.310138248847929,8.086704511146443e-07
4.32013824884793,8.358665659812293e-07
4.33013824884793,8.094501991420842e-07
4.340138248847929,7.907749671351568e-07
4.35013824884793,6.576792247380305e-07
4.36013824884793,6.30957344480193e-07
4.37013824884793,6.596583715600343e-07
4.3801382488479295,6.630091406603521e-07
4.390138248847929,7.444674774022664e-07
4.40013824884793,7.646291452033977e-07
4.41013824884793,7.224821000755888e-07
4.4201382488479295,6.574218779405333e-07
4.43013824884793,8.16619352988185e-07
4.44013824884793,9.451655041846767e-07
4.45013824884793,1.1671395378845872e-06
4.4601382488479295,1.244956458358477e-06
4.470138248847929,1.0876642406682856e-06
4.48013824884793,9.19401658328072e-07
4.49013824884793,8.433587586657462e-07
4.50013824884793,7.891063611622807e-07
4.51013824884793,9.499417247601614e-07
4.52013824884793,1.2975379221564565e-06
4.53013824884793,1.5970843754345295e-06
4.54013824884793,1.6091157419268616e-06
4.550138248847929,1.130454300896283e-06
4.56013824884793,8.79994791583288e-07
4.57013824884793,6.468533331885109e-07
4.58013824884793,5.673436807557529e-07
4.59013824884793,5.466059824058561e-07
4.60013824884793,5.434220022330794e-07
4.61013824884793,5.926216457810674e-07
4.62013824884793,6.576339446768352e-07
4.6301382488479295,7.16023722207522e-07
4.64013824884793,7.036558620049555e-07
4.65013824884793,9.241905912426456e-07
4.66013824884793,1.0256560615445235e-06
4.67013824884793,1.113642581384471e-06
4.68013824884793,1.002251556885642e-06
4.69013824884793,9.636475625891946e-07
4.70013824884793,1.1124290857043838e-06
4.7101382488479295,1.1981057316374183e-06
4.72013824884793,1.141593517807565e-06
4.73013824884793,1.0257002040978786e-06
4.74013824884793,7.536363462763389e-07
4.7501382488479305,6.714195886541301e-07
4.76013824884793,6.451474410115444e-07
4.77013824884793,8.030076818051958e-07
4.78013824884793,9.97680998314523e-07
4.79013824884793,1.1460069820062698e-06
4.80013824884793,1.180891164218126e-06
4.81013824884793,1.1388829030965e-06
4.82013824884793,1.162245250954621e-06
4.8301382488479305,1.1743955091063357e-06
4.84013824884793,1.0790673288015208e-06
4.85013824884793,9.274813539686813e-07
4.86013824884793,8.578622267230918e-07
4.87013824884793,8.196404170887808e-07
4.88013824884793,8.110688965322122e-07
4.89013824884793,9.005861973583451e-07
4.90013824884793,8.752372985173247e-07
4.910138248847931,8.023505857662427e-07
4.92013824884793,8.727790405328986e-07
4.93013824884793,9.25888588998027e-07
4.94013824884793,9.16353103012371e-07
4.95013824884793,8.53072217209433e-07
4.96013824884793,7.435178085309141e-07
4.97013824884793,7.235925601673206e-07
4.98013824884793,9.462529858646548e-07
4.990138248847931,1.119232246778778e-06
5.0001382488479305,1.3734342272843613e-06
5.01013824884793,1.5848931924609968e-06
5.02013824884793,1.2492710727123837e-06
5.03013824884793,9.960261119330147e-07
5.0401382488479305,7.8196313953661e-07
5.05013824884793,6.857323202159769e-07
5.06013824884793,6.507283444940155e-07
5.070138248847931,6.475861967569076e-07
5.0801382488479305,7.566578529386032e-07
5.09013824884793,9.216619534522191e-07
5.10013824884793,1.1081094484898188e-06
5.11013824884793,1.2966886023856392e-06
5.120138248847931,1.341486192263912e-06
5.13013824884793,1.2644256245578285e-06
5.14013824884793,1.0335557815820803e-06
5.150138248847931,8.817996693209738e-07
5.160138248847931,7.652740766048727e-07
5.17013824884793,7.717417495336994e-07
5.18013824884793,8.944838751619941e-07
5.19013824884793,1.0459193139655615e-06
5.200138248847931,1.0292452980386336e-06
5.21013824884793,8.784392647485978e-07
5.22013824884793,7.923111576378999e-07
5.230138248847931,1.1145040881368145e-06
5.240138248847931,1.4300196969335128e-06
5.2501382488479305,1.8956409233731752e-06
5.26013824884793,1.8727011486982205e-06
5.27013824884793,1.5436273513994899e-06
5.280138248847931,1.183988155372311e-06
5.2901382488479305,1.0260023122959016e-06
5.30013824884793,1.0657000302373712e-06
5.310138248847931,9.990650734623463e-07
5.320138248847931,1.0771870885684948e-06
5.3301382488479305,1.348055739157244e-06
5.34013824884793,1.4332033614797085e-06
5.35013824884793,1.3960249179920443e-06
5.360138248847931,1.263042128175002e-06
5.370138248847931,1.1049122634681086e-06
5.38013824884793,9.74456720866068e-07
5.390138248847931,8.241768573717434e-07
5.400138248847931,7.113320736488777e-07
5.410138248847931,7.338458280897115e-07
5.42013824884793,8.872989061617334e-07
5.43013824884793,9.974137730843895e-07
5.440138248847931,9.968048450041164e-07
5.450138248847931,9.042089176821205e-07
5.46013824884793,8.093445334234129e-07
5.470138248847931,8.917118168361367e-07
5.480138248847931,9.826405627591083e-07
5.490138248847931,1.0982331851773733e-06
5.5001382488479305,1.1067380341050628e-06
5.51013824884793,1.1804758138534526e-06
5.520138248847931,1.247559765161301e-06
5.530138248847931,1.3336620830022504e-06
5.5401382488479305,1.5054667981494726e-06
5.550138248847931,1.6549536092261356e-06
5.560138248847931,1.5295808849643596e-06
5.570138248847931,1.2646703309985505e-06
5.5801382488479305,1.0182339798135736e-06
5.59013824884793,8.074088632942704e-07
5.600138248847931,8.203314334948811e-07
5.610138248847931,9.028184823596476e-07
5.620138248847931,1.121213777317849e-06
5.630138248847931,1.2458179399130185e-06
5.640138248847931,1.5442423268194122e-06
5.650138248847931,1.65972168394701e-06
5.660138248847931,1.532705303803436e-06
5.67013824884793,1.4290740602597773e-06
5.680138248847931,1.3687315371161855e-06
5.690138248847931,1.3369466735521114e-06
5.700138248847931,1.161423776080192e-06
5.710138248847931,1.0693866923409444e-06
5.720138248847931,8.998338360222055e-07
5.730138248847931,9.088165726982185e-07
5.740138248847931,9.537680381392808e-07
5.7501382488479305,9.971331649562832e-07
5.760138248847931,9.429141600349929e-07
5.770138248847931,8.751749384942071e-07
5.780138248847931,8.015596272358147e-07
5.790138248847931,8.353509452319979e-07
5.800138248847931,1.0289108809395358e-06
5.810138248847931,1.2062809256755238e-06
5.820138248847931,1.3573071531705307e-06
5.8301382488479305,1.3347762012255925e-06
5.840138248847931,1.3462608695682642e-06
5.850138248847931,1.4788374839378138e-06
5.860138248847931,1.579437605831285e-06
5.8701382488479315,1.5424678973986111e-06
5.880138248847931,1.5719765517372953e-06
5.890138248847931,1.6055149759555744e-06
5.900138248847931,1.3585781474465708e-06
5.910138248847931,1.1605607753774432e-06
5.920138248847931,1.2076647914265706e-06
5.930138248847931,1.4137428340913327e-06
5.940138248847931,1.6556346883543392e-06
5.9501382488479315,1.6937880334413354e-06
5.960138248847931,1.5246545763186838e-06
5.970138248847931,1.5477840457074056e-06
5.980138248847931,1.604610971555393e-06
5.990138248847931,1.2104412739106354e-06
6.000138248847931,1.0734721997892473e-06
6.010138248847931,8.124885919051116e-07
6.020138248847931,8.311133351787226e-07
6.030138248847932,1.1320523491077271e-06
6.040138248847931,1.3992796287251537e-06
6.050138248847931,1.8540417628981103e-06
6.060138248847931,1.7246934460326552e-06
6.070138248847931,1.645981271799599e-06
6.080138248847931,1.7305879103332918e-06
6.090138248847931,1.456908960320317e-06
6.100138248847931,1.1340792688226766e-06
6.110138248847932,9.069388013771924e-07
6.1201382488479315,6.498362436638589e-07
6.130138248847931,6.730215171687607e-07
6.140138248847931,9.010853378131311e-07
6.150138248847931,1.2812343736350864e-06
6.1601382488479315,1.566497056118983e-06
6.170138248847931,1.921016055708222e-06
6.180138248847931,1.5709130478219723e-06
6.190138248847932,1.297405457988171e-06
6.2001382488479315,9.443058589078083e-07
6.210138248847931,9.560452592178806e-07
6.220138248847931,1.1485795419720507e-06
6.230138248847931,1.3755837405388717e-06
6.240138248847932,1.8069787009484766e-06
6.250138248847931,1.6844609399179734e-06
6.260138248847931,1.3665319825358313e-06
6.270138248847932,1.2407206105426373e-06
6.280138248847932,1.2328119282955488e-06
6.290138248847931,1.4737359711412185e-06
6.300138248847931,1.6075200106170961e-06
6.310138248847931,1.3931965398747024e-06
6.320138248847932,1.293386503442531e-06
6.330138248847931,1.211150472846552e-06
6.340138248847931,1.2627514810054177e-06
6.350138248847932,1.2183653783562437e-06
6.360138248847932,1.0101938652913348e-06
6.3701382488479315,1.1414546079187366e-06
6.380138248847931,1.1664389945352812e-06
6.390138248847931,1.0764361381326047e-06
6.400138248847932,9.642238610001504e-07
6.4101382488479315,8.748504308943856e-07
6.420138248847931,9.891849777986928e-07
6.430138248847932,1.1031593294380791e-06
6.440138248847932,1.2332625023854701e-06
6.4501382488479315,1.429461338356844e-06
6.460138248847931,1.475232988200901e-06
6.470138248847931,1.596750015842679e-06
6.480138248847932,1.4879980443996552e-06
6.490138248847932,1.3069054812445581e-06
6.500138248847931,1.2384080826206223e-06
6.510138248847932,1.27974206833249e-06
6.520138248847932,1.1346470724561679e-06
6.530138248847932,1.0274451544733872e-06
6.540138248847931,9.573251230052756e-07
6.550138248847931,1.0224806801407408e-06
6.560138248847932,1.200356766135205e-06
6.570138248847932,1.2226293537477236e-06
6.580138248847931,1.2669074886516978e-06
6.590138248847932,1.4814415365031721e-06
6.600138248847932,1.7138875297331517e-06
6.610138248847932,1.995262314969048e-06
6.6201382488479315,2.262022319830291e-06
6.630138248847931,2.181899972241442e-06
6.640138248847932,1.915191707456848e-06
6.650138248847932,1.6107605969793997e-06
6.6601382488479315,1.4588703322800817e-06
6.670138248847932,1.279487169004999e-06
6.680138248847932,1.1228415438873493e-06
6.690138248847932,1.0341799882442786e-06
6.7001382488479315,1.108890036610087e-06
6.710138248847931,1.2374879391894834e-06
6.720138248847932,1.4052189083032455e-06
6.730138248847932,1.4194345617590675e-06
6.740138248847932,1.4049385627436642e-06
6.750138248847932,1.5461107793554704e-06
6.760138248847932,1.6634773460129401e-06
6.770138248847932,1.7350892523676099e-06
6.780138248847932,2.089797086418036e-06
6.790138248847931,2.3277855840602907e-06
6.800138248847932,2.074671074079624e-06
6.810138248847932,1.6219330569614315e-06
6.820138248847932,1.3678347678741321e-06
6.830138248847932,1.1089941126295428e-06
6.840138248847932,1.0587075496486063e-06
6.850138248847932,1.1096498509406251e-06
6.860138248847932,1.055240842305104e-06
6.8701382488479315,9.858083801029504e-07
6.880138248847932,9.60045772973748e-07
6.890138248847932,1.0882038361096067e-06
6.900138248847932,1.5551802035712674e-06
6.910138248847932,1.9079502132367575e-06
6.920138248847932,2.609163024727952e-06
6.930138248847932,2.3643561598203278e-06
6.940138248847932,1.9497111238594784e-06
6.9501382488479315,1.678492027774989e-06
6.960138248847932,1.8545934088991481e-06
6.970138248847932,2.108802638042433e-06
6.980138248847932,2.1588175682239925e-06
6.9901382488479324,1.7874589935197145e-06
7.000138248847932,1.455600281291828e-06
7.010138248847932,1.0986541618351828e-06
7.020138248847932,9.798799147364173e-07
7.030138248847932,1.1925468182628216e-06
7.040138248847932,1.4249918510175729e-06
7.050138248847932,1.578980799245107e-06
7.060138248847932,1.8604894552100165e-06
7.0701382488479325,1.8851562933456118e-06
7.080138248847932,1.7235776614904849e-06
7.090138248847932,1.7819365153903166e-06
7.100138248847932,1.5720262941642412e-06
7.110138248847932,1.4355945298470042e-06
7.120138248847932,1.2262116082478323e-06
7.130138248847932,1.3192470634410386e-06
7.140138248847932,1.5709624678763886e-06
7.150138248847933,1.9335873717371754e-06
7.160138248847932,2.284197566430628e-06
7.170138248847932,2.287287984990206e-06
7.180138248847932,2.07401420778189e-06
7.190138248847932,1.829987365846007e-06
7.200138248847932,1.7151063018533783e-06
7.210138248847932,1.6705059773242661e-06
7.220138248847932,1.7316942207341337e-06
7.230138248847933,1.8402413175800518e-06
7.2401382488479324,1.991949231174738e-06
7.250138248847932,2.0928783190338895e-06
7.260138248847932,2.0841415609074616e-06
7.270138248847932,1.8432508320941491e-06
7.2801382488479325,1.6501189932809092e-06
7.290138248847932,1.5751792305517899e-06
7.300138248847932,1.494548427262893e-06
7.310138248847933,1.3469846388946402e-06
7.3201382488479325,1.385841277825716e-06
7.330138248847932,1.4710785978431177e-06
7.340138248847932,1.5113108149045794e-06
7.350138248847932,1.5179496442961064e-06
7.3601382488479326,1.4136250312789533e-06
7.370138248847932,1.4720526082134225e-06
7.380138248847932,1.599820135853932e-06
7.390138248847933,1.7096719274918136e-06
7.400138248847933,1.731670062657588e-06
7.410138248847932,1.611074219033658e-06
7.420138248847932,1.6475187286669384e-06
7.430138248847932,1.7455527694425753e-06
7.440138248847933,1.6870405028545534e-06
7.450138248847932,1.6270265626918148e-06
7.460138248847932,1.6748535970966814e-06
7.470138248847933,1.7639809054797578e-06
7.480138248847933,1.585626945409831e-06
7.4901382488479324,1.4476680296819988e-06
7.500138248847932,1.4604628224773228e-06
7.510138248847932,1.6690374875818332e-06
7.520138248847933,1.8851864591784811e-06
7.5301382488479325,2.160664676938034e-06
7.540138248847932,2.2800521792973046e-06
7.550138248847933,2.4718071012308423e-06
7.560138248847933,2.808445203990862e-06
7.5701382488479325,3.0790576871668644e-06
7.580138248847932,3.3264030233104093e-06
7.590138248847932,3.1148521987666314e-06
7.600138248847933,2.4629639765206412e-06
7.6101382488479326,1.915727484617594e-06
7.620138248847932,1.308925982682974e-06
7.630138248847933,1.2948037521227083e-06
7.640138248847933,1.4477775611901055e-06
7.650138248847933,1.5926113215061194e-06
7.660138248847932,1.457204599545788e-06
7.670138248847932,1.395814116429633e-06
7.680138248847933,1.6571618169293118e-06
7.690138248847933,1.9000632139136795e-06
7.700138248847932,2.250077844601166e-06
7.710138248847933,2.327119656404671e-06
7.720138248847933,2.398656612434744e-06
7.730138248847933,2.4861553342008387e-06
7.7401382488479324,2.418780793260448e-06
7.750138248847932,2.2326960024865246e-06
7.760138248847933,2.144132728207394e-06
7.770138248847933,2.3831502670973737e-06
7.7801382488479325,2.7719961132285944e-06
7.790138248847933,2.328188928273299e-06
7.800138248847933,1.974329610314683e-06
7.810138248847933,1.6031458577807077e-06
7.8201382488479325,1.4611616187214023e-06
7.830138248847932,1.6063340448936098e-06
7.840138248847933,1.815028757298002e-06
7.850138248847933,2.0894339282578797e-06
7.8601382488479326,2.369128935935128e-06
7.870138248847933,2.637063183442765e-06
7.880138248847933,2.144130244379917e-06
7.890138248847933,1.8191528613331703e-06
7.900138248847933,1.498551088570444e-06
7.910138248847932,1.7324433953298216e-06
7.920138248847933,1.9294334633862153e-06
7.930138248847933,2.4816222992797947e-06
7.940138248847933,1.970658357029886e-06
7.950138248847933,1.5693132951877806e-06
7.960138248847933,1.3548967119631063e-06
7.970138248847933,1.8932344198862194e-06
7.980138248847933,2.346208233120769e-06
7.9901382488479324,2.9876801347394233e-06
8.000138248847934,3.175959303938889e-06
8.010138248847934,2.7636094560455328e-06
8.020138248847934,2.5249573944788457e-06
8.030138248847933,2.6467860272554525e-06
8.040138248847933,2.374065423838702e-06
8.050138248847933,1.8760208906831845e-06
8.060138248847933,1.5753441030423988e-06
8.070138248847933,1.2917488124706768e-06
8.080138248847934,1.5666118064292166e-06
8.090138248847934,1.9732793815846597e-06
8.100138248847934,2.6623052139984677e-06
8.110138248847933,3.269821251574039e-06
8.120138248847933,3.280552470452872e-06
8.130138248847933,3.042418614302743e-06
8.140138248847933,2.7087906821626677e-06
8.150138248847933,2.4116103873780118e-06
8.160138248847934,2.1897029044547664e-06
8.170138248847934,2.1786160074745167e-06
8.180138248847934,2.331171512496486e-06
8.190138248847934,2.660980753168787e-06
8.200138248847933,2.587007567193887e-06
8.210138248847933,2.043359717856664e-06
8.220138248847933,1.6568928604237654e-06
8.230138248847933,1.3501615524313986e-06
8.240138248847932,1.3509672478740878e-06
8.250138248847932,1.6981052443302982e-06
8.260138248847934,2.0027596300482495e-06
8.270138248847934,2.626780242744295e-06
8.280138248847933,2.792848373424976e-06
8.290138248847933,2.3798958501956407e-06
8.300138248847933,2.126916446650854e-06
8.310138248847933,2.3398682909042693e-06
8.320138248847933,2.7784166912381882e-06
8.330138248847934,3.030632966896345e-06
8.340138248847934,2.788752507754706e-06
8.350138248847934,3.011194795904114e-06
8.360138248847933,2.633481897687397e-06
8.370138248847933,2.2268468626731625e-06
8.380138248847933,1.9041501726457836e-06
8.390138248847933,2.0701089524397585e-06
8.400138248847933,2.5014682528885165e-06
8.410138248847932,3.0158358848543e-06
8.420138248847934,3.0816935483195707e-06
8.430138248847934,2.364631529396704e-06
8.440138248847934,1.9211062858569288e-06
8.450138248847933,1.6987213943857911e-06
8.460138248847933,1.7232306929676126e-06
8.470138248847933,2.08487576679643e-06
8.480138248847933,2.9774564579685413e-06
8.490138248847934,3.841812981582701e-06
8.500138248847934,4.759654358317818e-06
8.510138248847934,5.582659389294832e-06
8.520138248847934,4.225064763450485e-06
8.530138248847933,2.921253838281393e-06
8.540138248847933,2.0581986678572215e-06
8.550138248847933,1.5218507184884578e-06
8.560138248847933,1.5944431146562314e-06
8.570138248847933,1.9028904992673318e-06
8.580138248847934,1.8766978396807261e-06
8.590138248847934,2.0159637647619253e-06
8.600138248847934,2.5858829558443883e-06
8.610138248847933,3.1305600954613313e-06
8.620138248847933,3.976551996065654e-06
8.630138248847933,4.081972293748244e-06
8.640138248847933,3.3966640820054976e-06
8.650138248847934,2.685689003151575e-06
8.660138248847934,2.2340734762412725e-06
8.670138248847934,1.786572468622947e-06
8.680138248847934,1.6928624816379152e-06
8.690138248847934,1.83552218358055e-06
8.700138248847933,2.593469437812931e-06
8.710138248847933,2.9567960291961844e-06
8.720138248847933,3.7912138978749187e-06
8.730138248847933,3.474233370711353e-06
8.740138248847934,2.950672198627923e-06
8.750138248847934,3.2328249883980384e-06
8.760138248847934,3.871924676492389e-06
8.770138248847934,4.742010807208892e-06
8.780138248847933,5.298316906283713e-06
8.790138248847933,4.904197932245585e-06
8.800138248847933,4.265291068099316e-06
8.810138248847935,3.4837421811093276e-06
8.820138248847934,2.9387336745695355e-06
8.830138248847934,3.0550430639367316e-06
8.840138248847934,2.8866100865679407e-06
8.850138248847934,2.7850153052136297e-06
8.860138248847933,3.0500578476939164e-06
8.870138248847933,3.1866223534846907e-06
8.880138248847933,2.9695297252050136e-06
8.890138248847933,3.110262447289442e-06
8.900138248847934,3.143875729765433e-06
8.910138248847934,3.8101102468055557e-06
8.920138248847934,4.2492801683663225e-06
8.930138248847934,5.214359045555898e-06
8.940138248847934,5.470958926358445e-06
8.950138248847933,5.837609865732215e-06
8.960138248847933,6.486205845907428e-06
8.970138248847935,6.572329582228585e-06
8.980138248847934,5.724733194187917e-06
8.990138248847934,5.050503218236341e-06
9.000138248847934,4.191151022133814e-06
9.010138248847934,3.6019686988887097e-06
9.020138248847934,3.058488114254504e-06
9.030138248847933,3.243992791987542e-06
9.040138248847933,3.401848693454968e-06
9.050138248847933,3.637469325706832e-06
9.060138248847935,4.368944364780984e-06
9.070138248847934,4.827469430403064e-06
9.080138248847934,5.090615023117886e-06
9.090138248847934,7.298123978042637e-06
9.100138248847934,8.162083558279422e-06
9.110138248847933,9.539523145306603e-06
9.120138248847933,9.610779662375913e-06
9.130138248847935,9.435457377452556e-06
9.140138248847935,1.0747027121904343e-05
9.150138248847934,1.23386750217075e-05
9.160138248847934,1.1579013596741533e-05
9.170138248847934,9.692841131053595e-06
9.180138248847934,9.187558951710826e-06
9.190138248847934,1.0424637279509476e-05
9.200138248847933,1.218776762890064e-05
