m_A0_GeV,B1B3_UL_red
0.20276497695852536,2.6979536400730017e-07
0.21276497695852536,2.7567698354532146e-07
0.22276497695852537,2.816777681053671e-07
0.23276497695852538,2.8993918442536414e-07
0.2427649769585254,2.92090371703225e-07
0.2527649769585254,2.92090371703225e-07
0.2627649769585254,2.9273323771465064e-07
0.2727649769585254,3.002979384458114e-07
0.2827649769585254,3.0597884248197183e-07
0.29276497695852544,3.1350184948990303e-07
0.30276497695852544,3.272661137578047e-07
0.31276497695852545,3.1226991350295665e-07
0.32276497695852546,3.4660795788105207e-07
0.33276497695852547,3.3049846523836163e-07
0.3427649769585255,3.5297434419222936e-07
0.3527649769585255,4.1337962953030985e-07
0.3627649769585255,4.2896836731853136e-07
0.3727649769585255,3.677199914775936e-07
0.3827649769585255,3.528441609550021e-07
0.3927649769585255,3.876394089062248e-07
0.40276497695852553,3.913299677092899e-07
0.41276497695852554,4.343255687392298e-07
0.42276497695852555,4.379044014143729e-07
0.43276497695852556,4.505549735103991e-07
0.44276497695852557,4.592709387993499e-07
0.4527649769585256,3.582864965890201e-07
0.4627649769585256,3.5134632248069806e-07
0.4727649769585256,3.604639875524637e-07
0.4827649769585256,3.7628987003986036e-07
0.4927649769585256,3.7497775205513167e-07
0.5027649769585256,3.458122288212053e-07
0.5127649769585256,3.562247890262444e-07
0.5227649769585256,3.5287080547713516e-07
0.5327649769585256,3.49936778185074e-07
0.5427649769585257,3.5874499170696736e-07
0.5527649769585257,3.5490422302371915e-07
0.5627649769585257,3.311529608992933e-07
0.5727649769585257,3.079025396325501e-07
0.5827649769585257,3.026276296501184e-07
0.5927649769585257,3.058294588054293e-07
0.6027649769585257,3.093996453609557e-07
0.6127649769585257,3.1274993746055863e-07
0.6227649769585257,3.628961866270237e-07
0.6327649769585257,3.724668286992866e-07
0.6427649769585257,4.906064137212424e-07
0.6527649769585258,5.703961318386111e-07
0.6627649769585258,6.112331451408502e-07
0.6727649769585258,5.970218631118213e-07
0.6827649769585258,5.235963937568322e-07
0.6927649769585258,5.367764759842146e-07
0.7027649769585258,6.327578583040026e-07
0.7127649769585258,7.7628956705626e-07
0.7227649769585258,8.15892477053103e-07
0.7327649769585258,4.681661067660402e-07
0.7427649769585258,4.0147650466477696e-07
0.7527649769585258,3.936897996149372e-07
0.7627649769585259,4.3246710517073377e-07
0.7727649769585259,5.22473138316947e-07
0.7827649769585259,5.019004855991967e-07
0.7927649769585259,4.2049315461174756e-07
0.8027649769585259,3.977386396963394e-07
0.8127649769585259,3.576519940202735e-07
0.8227649769585259,3.5522494666838033e-07
0.8327649769585259,4.928662062734052e-07
0.8427649769585259,5.100597218272487e-07
0.8527649769585259,4.3316724042825287e-07
0.8627649769585259,3.9032451955084527e-07
0.872764976958526,4.0562110200384127e-07
0.882764976958526,4.977862205441202e-07
0.892764976958526,5.204604195159963e-07
0.902764976958526,4.880273555580371e-07
0.912764976958526,4.053377801205524e-07
0.922764976958526,3.780656593965266e-07
0.932764976958526,3.7375909029899486e-07
0.942764976958526,4.0276410899696404e-07
0.952764976958526,4.017203124492883e-07
0.962764976958526,3.9160278807429976e-07
0.972764976958526,3.941461124097641e-07
0.982764976958526,4.0379978231246215e-07
0.9927649769585261,3.878559941717083e-07
1.002764976958526,3.8109908419914433e-07
1.012764976958526,3.430927274977956e-07
1.022764976958526,4.187551669952732e-07
1.032764976958526,4.2826737672690035e-07
1.042764976958526,4.4464988973984185e-07
1.052764976958526,4.095392943427876e-07
1.0627649769585261,4.2059549473352255e-07
1.0727649769585261,4.3437731707199474e-07
1.0827649769585261,4.310054468598798e-07
1.0927649769585261,4.3343196861285166e-07
1.1027649769585262,4.490631261475514e-07
1.1127649769585262,4.018111067024669e-07
1.1227649769585262,4.0304575208545847e-07
1.1327649769585262,6.454963624892074e-07
1.1427649769585262,6.862193382763082e-07
1.1527649769585262,7.048975947001118e-07
1.1627649769585262,6.513180342367714e-07
1.1727649769585262,6.055724651036101e-07
1.1827649769585262,7.246306254862027e-07
1.1927649769585262,1.0627115364841985e-06
1.2027649769585262,1.2427957583208373e-06
1.2127649769585263,1.2294760696091973e-06
1.2227649769585263,1.2098819394353246e-06
1.2327649769585263,1.0261768747661131e-06
1.2427649769585263,6.109914479545918e-07
1.2527649769585263,6.225549015814201e-07
1.2627649769585263,7.040955285038204e-07
1.2727649769585263,8.409865298171863e-07
1.2827649769585263,7.946686227683898e-07
1.2927649769585263,7.332607009250393e-07
1.3027649769585263,6.055000049599554e-07
1.3127649769585263,5.863848836925868e-07
1.3227649769585264,7.07286459624275e-07
1.3327649769585264,8.390210575784164e-07
1.3427649769585264,6.478961530596185e-07
1.3527649769585264,4.0264423700505406e-07
1.3627649769585264,4.287046343760592e-07
1.3727649769585264,4.218265887397621e-07
1.3827649769585264,5.011872336272725e-07
1.3927649769585264,4.7626961844343404e-07
1.4027649769585264,4.594428473063279e-07
1.4127649769585264,8.088033639192902e-07
1.4227649769585264,7.100934022693376e-07
1.4327649769585264,6.799360942804791e-07
1.4427649769585265,6.65628275544203e-07
1.4527649769585265,6.64629882958171e-07
1.4627649769585265,4.420556262910755e-07
1.4727649769585265,4.274363954278872e-07
1.4827649769585265,3.8755071222361997e-07
1.4927649769585265,3.826120298201575e-07
1.5027649769585265,5.655135095923938e-07
1.5127649769585265,6.228224595900825e-07
1.5227649769585265,7.460432643557475e-07
1.5327649769585265,7.324542370535224e-07
1.5427649769585265,6.723357536499335e-07
1.5527649769585266,6.10029062529558e-07
1.5627649769585266,5.435338109348313e-07
1.5727649769585266,4.5653363265595964e-07
1.5827649769585266,4.148910752060009e-07
1.5927649769585266,3.996344331368723e-07
1.6027649769585266,4.848340368210794e-07
1.6127649769585266,5.368415403569644e-07
1.6227649769585266,7.185493439559372e-07
1.6327649769585266,7.770389197650565e-07
1.6427649769585266,5.4286658963599e-07
1.6527649769585266,4.0066843879411276e-07
1.6627649769585267,3.887363677489767e-07
1.6727649769585267,3.9935471792721155e-07
1.6827649769585267,5.544606917818246e-07
1.6927649769585267,7.353757014033843e-07
1.7027649769585267,8.465338498860924e-07
1.7127649769585267,8.806991682904081e-07
1.7227649769585267,7.481052021309814e-07
1.7327649769585267,5.736768117150277e-07
1.7427649769585267,4.5111205693556993e-07
1.7527649769585267,3.9359759281135193e-07
1.7627649769585267,3.9231422939488696e-07
1.7727649769585268,3.978907156661759e-07
1.7827649769585268,4.2540418745747935e-07
1.7927649769585268,6.383787514100891e-07
1.8027649769585268,7.336978414559021e-07
1.8127649769585268,6.089570189986882e-07
1.8227649769585268,4.4694506619959025e-07
1.8327649769585268,4.0907150589928255e-07
1.8427649769585268,4.150637280545544e-07
1.8527649769585268,6.694624186243719e-07
1.8627649769585268,6.874503186748784e-07
1.8727649769585268,6.617341449692452e-07
1.8827649769585268,5.85371284624626e-07
1.8927649769585269,5.011872336272725e-07
1.9027649769585269,4.522736987587106e-07
1.9127649769585269,3.8518097675957855e-07
1.9227649769585269,5.741322298290921e-07
1.932764976958527,4.775288373181855e-07
1.942764976958527,4.3444122987293683e-07
1.952764976958527,4.023210665241555e-07
1.962764976958527,4.1082646877888494e-07
1.972764976958527,6.701003480352505e-07
1.982764976958527,4.462063428945899e-07
1.992764976958527,4.2738081377589747e-07
2.002764976958527,3.9418093981883704e-07
2.012764976958527,3.994285538425692e-07
2.022764976958527,5.396142869179566e-07
2.0327649769585268,4.2897849374362013e-07
2.042764976958527,3.90130842501836e-07
2.052764976958527,4.030036120013375e-07
2.062764976958527,4.3139455554093123e-07
2.072764976958527,4.797332428602973e-07
2.082764976958527,5.125750297524885e-07
2.0927649769585273,5.840631920456606e-07
2.102764976958527,4.3323081026877377e-07
2.112764976958527,3.9468650722532424e-07
2.122764976958527,3.8997590086263075e-07
2.1327649769585273,3.9897836192062087e-07
2.142764976958527,4.027374808942841e-07
2.152764976958527,4.157776767510225e-07
2.162764976958527,4.2304560631050075e-07
2.1727649769585273,5.097287697164235e-07
2.182764976958527,6.339287202719489e-07
2.192764976958527,6.871902096198118e-07
2.202764976958527,7.258052135301783e-07
2.212764976958527,7.64420217440543e-07
2.222764976958527,4.539290240087548e-07
2.2327649769585274,4.1979935107437353e-07
2.242764976958527,4.10897973703375e-07
2.252764976958527,4.0128070319427803e-07
2.262764976958527,5.323587200370437e-07
2.2727649769585274,7.439312084972304e-07
2.282764976958527,7.300770484880608e-07
2.292764976958527,5.42243837939944e-07
2.302764976958527,7.130488841952204e-07
2.3127649769585275,8.337929760349469e-07
2.3227649769585272,8.588957696329386e-07
2.332764976958527,7.187757037247238e-07
2.3427649769585273,4.067206087901601e-07
2.3527649769585275,3.826120298201575e-07
2.3627649769585273,4.0338615862052946e-07
2.372764976958527,7.746915432153013e-07
2.3827649769585273,8.947640179804828e-07
2.3927649769585275,8.706784199666974e-07
2.4027649769585273,7.065627666278487e-07
2.412764976958527,4.6779292976757397e-07
2.4227649769585273,3.990219246774745e-07
2.4327649769585276,4.3678473581522204e-07
2.4427649769585273,6.731593625367956e-07
2.452764976958527,7.318917437492225e-07
2.4627649769585274,8.034009966137507e-07
2.4727649769585276,8.746483083909471e-07
2.4827649769585274,7.771338426643481e-07
2.492764976958527,6.912815861685309e-07
2.5027649769585274,4.962066392883966e-07
2.5127649769585276,4.839711656793118e-07
2.5227649769585274,8.059683580222464e-07
2.532764976958527,1.1257912233389272e-06
2.5427649769585274,1.0464419612038445e-06
2.5527649769585277,1.0752513554713513e-06
2.5627649769585275,4.534083657760672e-07
2.5727649769585272,4.640012600238832e-07
2.5827649769585275,4.883868192785461e-07
2.5927649769585277,5.769546280120588e-07
2.6027649769585275,6.319321394090978e-07
2.6127649769585273,6.234243603896864e-07
2.6227649769585275,9.250833126138964e-07
2.6327649769585277,9.253535340206365e-07
2.6427649769585275,8.489914607348771e-07
2.6527649769585273,7.269742628118306e-07
2.6627649769585275,4.1069535292965357e-07
2.6727649769585278,4.241527733257006e-07
2.6827649769585276,4.2917854157377285e-07
2.6927649769585273,4.743093022549499e-07
2.7027649769585276,5.16850883085503e-07
2.712764976958528,4.913761592693801e-07
2.7227649769585276,4.416819772373357e-07
2.7327649769585274,4.4776303155649256e-07
2.7427649769585276,4.796234482045059e-07
2.752764976958528,5.610646323170419e-07
2.7627649769585276,7.085404266661142e-07
2.7727649769585274,6.710121282322251e-07
2.7827649769585276,5.463549229009976e-07
2.792764976958528,5.38312522557077e-07
2.8027649769585277,5.464228077570752e-07
2.8127649769585275,8.93588330987398e-07
2.8227649769585277,1.2325624949579942e-06
2.832764976958528,1.112748575770555e-06
2.8427649769585277,1.307830563534765e-06
2.8527649769585275,9.68192574612744e-07
2.8627649769585277,6.285545856907077e-07
2.872764976958528,5.037703964937862e-07
2.8827649769585277,4.877759312923622e-07
2.8927649769585275,4.5703789889972403e-07
2.9027649769585278,4.957548084017629e-07
2.912764976958528,4.872855908497159e-07
2.9227649769585278,4.960532047489737e-07
2.9327649769585276,6.586626492569191e-07
2.942764976958528,7.739940166896117e-07
2.952764976958528,1.1732107220766287e-06
2.962764976958528,1.167044211686331e-06
2.9727649769585276,9.562026702992135e-07
2.982764976958528,8.031208775105016e-07
2.992764976958528,6.612790626744314e-07
3.002764976958528,5.194372478383676e-07
3.0127649769585276,5.252749746467651e-07
3.022764976958528,6.23042864666631e-07
3.032764976958528,5.011872336272725e-07
3.042764976958528,5.407331141024211e-07
3.0527649769585277,6.181203031151854e-07
3.062764976958528,6.455921790974223e-07
3.072764976958528,9.906656045264842e-07
3.082764976958528,2.03048289288196e-06
3.0927649769585277,2.1064131545014138e-06
3.102764976958528,2.127296938236848e-06
3.112764976958528,1.7786262311913009e-06
3.122764976958528,1.4963477815988878e-06
3.1327649769585277,1.4061562100545563e-06
3.142764976958528,1.3628421282555283e-06
3.152764976958528,1.1977169225407217e-06
3.162764976958528,7.409260073125288e-07
3.1727649769585278,6.083586085489882e-07
3.182764976958528,8.292279830087951e-07
3.1927649769585282,9.684813436350506e-07
3.202764976958528,6.260491195634846e-07
3.212764976958528,5.298316906283702e-07
3.222764976958528,5.348141793864887e-07
3.2327649769585283,5.070460397163238e-07
3.242764976958528,5.178019979394525e-07
3.252764976958528,4.911432922382513e-07
3.262764976958528,4.517724916513147e-07
3.2727649769585283,4.297485215214946e-07
3.282764976958528,4.838464238601155e-07
3.292764976958528,6.026566395948491e-07
3.302764976958528,7.249219218061668e-07
3.3127649769585283,8.480156188015879e-07
3.322764976958528,7.463809088460384e-07
3.332764976958528,7.01142654920132e-07
3.342764976958528,6.559044009942237e-07
3.3527649769585284,6.364187930488251e-07
3.362764976958528,5.881394990266635e-07
3.372764976958528,5.78187855753066e-07
3.382764976958528,1.2298064212349053e-06
3.3927649769585284,1.3400701051397242e-06
3.402764976958528,1.3958141164295408e-06
3.412764976958528,1.050035117444072e-06
3.422764976958528,7.042561184585879e-07
3.4327649769585284,5.338973197553727e-07
3.4427649769585282,4.486502310451691e-07
3.452764976958528,4.194098642526057e-07
3.4627649769585283,4.954867157912345e-07
3.4727649769585285,8.407424754556079e-07
3.4827649769585283,9.501790381876076e-07
3.492764976958528,9.68884601356718e-07
3.5027649769585283,9.875901645258296e-07
3.5127649769585285,1.0062957276949408e-06
3.5227649769585283,1.0250012908640513e-06
3.532764976958528,1.0437068540331617e-06
3.5427649769585283,1.0164164783967521e-06
3.5527649769585286,9.840641574490508e-07
3.5627649769585283,1.079158959857285e-06
3.572764976958528,1.311089172832285e-06
3.5827649769585284,1.2967283508356056e-06
3.5927649769585286,1.18445161761215e-06
3.6027649769585284,1.0721748843886996e-06
3.612764976958528,9.598981511652492e-07
3.6227649769585284,8.476214179417938e-07
3.6327649769585286,7.513842180360135e-07
3.6427649769585284,6.716424588947797e-07
3.652764976958528,5.808326694089261e-07
3.6627649769585284,5.62243401530258e-07
3.6727649769585287,5.584244616619086e-07
3.6827649769585284,1.2221172403401396e-06
3.6927649769585282,1.1206029557787387e-06
3.7027649769585285,1.1027062613659875e-06
3.7127649769585287,1.0315580182119227e-06
3.7227649769585285,1.0258033158426104e-06
3.7327649769585283,1.2681203960513612e-06
3.7427649769585285,9.663135825558856e-07
3.7527649769585287,7.150553103885155e-07
3.7627649769585285,7.39962683517138e-07
3.7727649769585283,2.130282239956901e-06
3.7827649769585285,1.6927158547898676e-06
3.7927649769585288,1.5870808980538181e-06
3.8027649769585286,1.1322554564089807e-06
3.8127649769585283,7.084529646030925e-07
3.8227649769585286,6.481694713813445e-07
3.832764976958529,5.923694402510983e-07
3.8427649769585286,5.411243201860518e-07
3.8527649769585284,5.286898031458006e-07
3.8627649769585286,4.917795764427909e-07
3.872764976958529,5.257761496878342e-07
3.8827649769585286,6.458054684528484e-07
3.8927649769585284,7.335143811616629e-07
3.9027649769585286,8.67196587330308e-07
3.912764976958529,1.002305402913122e-06
3.9227649769585287,1.1637303135374732e-06
3.9327649769585284,1.2292923314275886e-06
3.9427649769585287,1.2103751352724712e-06
3.952764976958529,1.1023479888079149e-06
3.9627649769585287,9.94320842343363e-07
3.9727649769585285,8.862936958788113e-07
3.9827649769585287,7.782665494142549e-07
3.992764976958529,7.513842180360135e-07
4.002764976958529,7.604767706578021e-07
4.012764976958529,9.81494119561769e-07
4.022764976958529,6.964910769963931e-07
4.0327649769585285,7.404535094060892e-07
4.042764976958528,7.585814069423801e-07
4.052764976958528,1.1348447437282187e-06
4.062764976958529,1.020337865460316e-06
4.0727649769585295,6.786552368900427e-07
4.082764976958529,5.685918398071007e-07
4.092764976958529,6.675943366383032e-07
4.102764976958529,7.18612551516178e-07
4.112764976958529,1.387713596161892e-06
4.122764976958528,1.2878216849585405e-06
4.132764976958528,1.0322695185890117e-06
4.142764976958529,1.0599880972267382e-06
4.1527649769585295,1.1814655306074325e-06
4.162764976958529,1.2612014675143824e-06
4.172764976958529,1.2937049964524716e-06
4.182764976958529,1.2754612348588263e-06
4.192764976958529,6.238493608976502e-07
4.2027649769585285,6.364883005158743e-07
4.212764976958528,7.334102384563819e-07
4.222764976958528,1.5542853668394689e-06
4.23276497695853,1.4152385865596595e-06
4.242764976958529,1.365423037546902e-06
4.252764976958529,7.688116105610707e-07
4.262764976958529,7.327402743228751e-07
4.272764976958529,7.108330029451201e-07
4.2827649769585285,8.336395970423924e-07
4.292764976958528,1.101068325769679e-06
4.302764976958528,1.0951651186656004e-06
4.31276497695853,1.1275192495586577e-06
4.3227649769585295,7.707489503401116e-07
4.332764976958529,5.82796911224697e-07
4.342764976958529,5.805499966822743e-07
4.352764976958529,7.658989508930685e-07
4.362764976958529,8.147730894513174e-07
4.372764976958528,8.615880099599493e-07
4.382764976958528,9.414618948080268e-07
4.39276497695853,5.629703086149067e-07
4.4027649769585295,5.770583736122987e-07
4.412764976958529,8.749413448422128e-07
4.422764976958529,8.379004896183718e-07
4.432764976958529,8.03662406797667e-07
4.442764976958529,7.694243239769623e-07
4.4527649769585285,8.5535882376109e-07
4.462764976958528,1.4213369378970283e-06
4.47276497695853,1.7123646791237998e-06
4.48276497695853,1.5219314851636321e-06
4.492764976958529,1.4053532355489953e-06
4.502764976958529,1.292745961904557e-06
4.512764976958529,1.2974594810773105e-06
4.522764976958529,1.0521381492217268e-06
4.5327649769585285,8.566672950816237e-07
4.542764976958528,1.8145420885355698e-06
4.55276497695853,2.2701865177657453e-06
4.56276497695853,1.7831333345657826e-06
4.5727649769585295,1.4179080006118437e-06
4.582764976958529,1.2095919655689527e-06
4.592764976958529,9.275852309731729e-07
4.602764976958529,8.930270878164383e-07
4.612764976958529,8.660958396450609e-07
4.622764976958528,9.067318569303185e-07
4.63276497695853,1.06060420724002e-06
4.64276497695853,1.093362534865351e-06
4.6527649769585295,9.742293159946493e-07
4.662764976958529,8.550960971239476e-07
4.672764976958529,8.420731806317713e-07
4.682764976958529,1.3133485673018536e-06
4.692764976958529,6.526909744555541e-07
4.7027649769585285,6.304860332494538e-07
4.71276497695853,6.410654417107468e-07
4.72276497695853,6.515786697781297e-07
4.73276497695853,8.254993187512989e-07
4.742764976958529,1.0181250690658187e-06
4.752764976958529,9.276366612791186e-07
4.762764976958529,7.402179582618224e-07
4.772764976958529,5.656320292757073e-07
4.7827649769585285,6.292498576102903e-07
4.79276497695853,6.826148142787774e-07
4.80276497695853,7.214249358349695e-07
4.81276497695853,9.665898359485495e-07
4.8227649769585295,1.5178881849325293e-06
4.832764976958529,9.315157157715043e-07
4.842764976958529,8.336313811621597e-07
4.852764976958529,9.376452752065726e-07
4.862764976958529,1.0368843842115432e-06
4.87276497695853,7.343319684393453e-07
4.88276497695853,6.661193028789494e-07
4.89276497695853,6.763992256518493e-07
4.9027649769585295,7.239107250006345e-07
4.912764976958529,9.166292592406958e-07
4.922764976958529,1.0608689480369242e-06
4.932764976958529,1.0551490517068477e-06
4.942764976958529,1.3444386890297989e-06
4.95276497695853,1.2597800302973365e-06
4.96276497695853,1.1091728877156525e-06
4.97276497695853,6.550366501770503e-07
4.98276497695853,6.105683949312871e-07
4.992764976958529,6.061076176356625e-07
5.002764976958529,6.670185793059565e-07
5.012764976958529,7.480483921162066e-07
5.022764976958529,1.5966641227760973e-06
5.03276497695853,1.6953962221048059e-06
5.04276497695853,1.3296582729564181e-06
5.05276497695853,1.144735019664981e-06
5.06276497695853,1.1574602230152042e-06
5.0727649769585295,1.2002698376899436e-06
5.082764976958529,1.3979777066273423e-06
5.092764976958529,1.5936266964271786e-06
5.102764976958529,1.737281432687577e-06
5.11276497695853,1.6844025264669794e-06
5.12276497695853,1.4611267762772887e-06
5.13276497695853,1.1355487349190078e-06
5.14276497695853,1.4267772049922308e-06
5.1527649769585295,1.2860106923631752e-06
5.162764976958529,1.0713116868194585e-06
5.172764976958529,1.136799521358556e-06
5.182764976958529,1.3453453092881858e-06
5.1927649769585305,1.4304403457919311e-06
5.20276497695853,1.4512995589290506e-06
5.21276497695853,1.2578317574018233e-06
5.22276497695853,6.89826265576141e-07
5.23276497695853,6.387839158259196e-07
5.242764976958529,9.981723704035442e-07
5.252764976958529,1.3575608249811688e-06
5.262764976958529,1.7169492795587933e-06
5.2727649769585305,2.076337734136482e-06
5.28276497695853,1.9240966811295055e-06
5.29276497695853,1.6850841539101157e-06
5.30276497695853,1.447219930810029e-06
5.31276497695853,1.338919026126716e-06
5.3227649769585295,8.375793532998863e-07
5.332764976958529,9.170671228574348e-07
5.342764976958529,9.851281947738178e-07
5.352764976958531,1.3186881617901294e-06
5.36276497695853,1.8039676301707734e-06
5.37276497695853,1.96382800192977e-06
5.38276497695853,1.883258198869617e-06
5.39276497695853,1.5649476290957354e-06
5.4027649769585295,9.943769310142787e-07
5.412764976958529,1.00935186267869e-06
5.422764976958529,1.2971625295058404e-06
5.432764976958531,1.5849731963330417e-06
5.4427649769585305,1.8360905285299098e-06
5.45276497695853,1.972696704032772e-06
5.46276497695853,2.290122726383761e-06
5.47276497695853,2.2234711077621953e-06
5.48276497695853,2.002627439350694e-06
5.492764976958529,1.5956818127252712e-06
5.502764976958529,1.5881635224190597e-06
5.512764976958531,1.0000582607162055e-06
5.5227649769585305,9.41439233986207e-07
5.53276497695853,9.367000315748594e-07
5.54276497695853,9.477275750386436e-07
5.55276497695853,1.01503485719505e-06
5.56276497695853,1.1537602369975448e-06
5.5727649769585295,1.2916794857874483e-06
5.582764976958529,1.429598734577352e-06
5.592764976958531,1.1415078805118597e-06
5.602764976958531,8.652854194938288e-07
5.61276497695853,6.555375557240946e-07
5.62276497695853,6.675317496353008e-07
5.63276497695853,8.59346647109673e-07
5.64276497695853,1.2611061401846861e-06
5.6527649769585295,2.2057869848600784e-06
5.662764976958529,2.2563610431987795e-06
5.672764976958531,2.4428228720047257e-06
5.682764976958531,2.410636811218414e-06
5.6927649769585305,2.0457428556858954e-06
5.70276497695853,1.8873918221350957e-06
5.71276497695853,1.725989403476566e-06
5.72276497695853,1.292668300108953e-06
5.73276497695853,1.3315644054940888e-06
5.742764976958529,1.4663413014178952e-06
5.752764976958531,1.6485372188500241e-06
5.762764976958531,1.7553854575694304e-06
5.7727649769585305,1.4843911427666728e-06
5.78276497695853,1.3591064405416351e-06
5.79276497695853,1.2393305184963659e-06
5.80276497695853,7.257028111699873e-07
5.81276497695853,8.393974742858404e-07
5.8227649769585295,9.487080651229203e-07
5.832764976958531,9.185697685264785e-07
5.842764976958531,8.893246487166425e-07
5.852764976958531,9.683800100056207e-07
5.86276497695853,1.289380654726992e-06
5.87276497695853,2.055569047170399e-06
5.88276497695853,1.6788639654413511e-06
5.89276497695853,9.833440537374555e-07
5.9027649769585295,1.351210454093139e-06
5.912764976958531,2.313010986420306e-06
5.922764976958531,2.789214944530222e-06
5.932764976958531,2.776411239926255e-06
5.9427649769585305,2.6780169899897696e-06
5.95276497695853,2.2781900188044997e-06
5.96276497695853,1.7708235998847613e-06
5.97276497695853,1.2719579020345198e-06
5.98276497695853,1.046468982480585e-06
5.992764976958531,7.743898172397931e-07
6.002764976958531,8.203633387363585e-07
6.012764976958531,1.2529450198890704e-06
6.0227649769585305,1.7816425259219647e-06
6.03276497695853,1.8482241963855694e-06
6.04276497695853,1.6222239639255058e-06
6.05276497695853,1.4362517791429065e-06
6.06276497695853,1.3145763789670443e-06
6.072764976958531,9.796973405839799e-07
6.082764976958531,8.201377440116155e-07
6.092764976958531,6.420136515614612e-07
6.102764976958531,6.197029765084306e-07
6.11276497695853,8.86656848726376e-07
6.12276497695853,1.034094640087545e-06
6.13276497695853,1.1139205973111837e-06
6.14276497695853,1.1413686320027134e-06
6.152764976958531,1.168816666694248e-06
6.162764976958531,1.1962647013857776e-06
6.172764976958531,1.1470102831502585e-06
6.182764976958531,1.3105140149320496e-06
6.1927649769585305,1.5627322192828092e-06
6.20276497695853,1.4909647334983055e-06
6.21276497695853,1.7282304070712288e-06
6.22276497695853,2.122119494129487e-06
6.232764976958531,2.3125641244501772e-06
6.242764976958531,2.3679629403071975e-06
6.252764976958531,1.9841866266326917e-06
6.262764976958531,1.8775433085650063e-06
6.2727649769585305,1.7825120969926738e-06
6.28276497695853,1.5917330124449668e-06
6.29276497695853,1.2802279854886853e-06
6.30276497695853,1.0062906974126777e-06
6.3127649769585314,9.31033948916044e-07
6.322764976958531,9.463152181099126e-07
6.332764976958531,1.0169796423119845e-06
6.342764976958531,1.2158429817893278e-06
6.352764976958531,1.4147063212666711e-06
6.36276497695853,1.581567287923295e-06
6.37276497695853,1.6546437279774317e-06
6.38276497695853,1.669904355557579e-06
6.3927649769585315,1.4865483959177864e-06
6.402764976958531,1.3590250465882884e-06
6.412764976958531,1.3482184652960181e-06
6.422764976958531,1.5254780015487219e-06
6.432764976958531,1.7344168180272875e-06
6.4427649769585305,2.0244685846761604e-06
6.45276497695853,2.1711038791584697e-06
6.46276497695853,2.2640125091510224e-06
6.472764976958532,2.1368110230067376e-06
6.482764976958531,2.1261123338996557e-06
6.492764976958531,2.048717199401942e-06
6.502764976958531,2.0525038065495976e-06
6.512764976958531,2.0301850957258694e-06
6.5227649769585305,1.9774332457934654e-06
6.53276497695853,2.238849876602178e-06
6.54276497695853,2.310183442532038e-06
6.552764976958532,1.8708054319652608e-06
6.5627649769585314,1.6049648954036312e-06
6.572764976958531,1.1324431377254715e-06
6.582764976958531,1.6058447506352038e-06
6.592764976958531,2.048555603621452e-06
6.602764976958531,1.8854161976669846e-06
6.61276497695853,1.523205926114331e-06
6.62276497695853,1.523205926114331e-06
6.632764976958532,1.3906260807805216e-06
6.6427649769585315,1.3028098257001443e-06
6.652764976958531,1.914654682492186e-06
6.662764976958531,2.080626544820915e-06
6.672764976958531,2.2474636987172627e-06
6.682764976958531,2.268252529310594e-06
6.6927649769585305,2.324971537208511e-06
6.70276497695853,2.424943608597119e-06
6.712764976958532,2.23018445951373e-06
6.722764976958532,2.2449542050824314e-06
6.732764976958531,1.856328257144347e-06
6.742764976958531,2.055013251678021e-06
6.752764976958531,2.3825965276477685e-06
6.762764976958531,2.395026619987486e-06
6.7727649769585305,2.4637648345128053e-06
6.78276497695853,1.7824736389930027e-06
6.792764976958532,1.425536009711383e-06
6.802764976958532,1.2308789392144949e-06
6.8127649769585314,1.562044517122622e-06
6.822764976958531,1.8932100950307494e-06
6.832764976958531,2.0252781450860193e-06
6.842764976958531,1.8218836090557066e-06
6.852764976958531,1.854913226047587e-06
6.86276497695853,1.6948878989083427e-06
6.872764976958532,1.574260258991983e-06
6.882764976958532,1.357373524041443e-06
6.8927649769585315,1.1854549196006543e-06
6.902764976958531,1.015598931930768e-06
6.912764976958531,1.0705322045435464e-06
6.922764976958531,1.4368102794328267e-06
6.932764976958531,2.8069763679180375e-06
6.9427649769585305,3.051296793842635e-06
6.952764976958532,2.7733143525358535e-06
6.962764976958532,1.5015438518387685e-06
6.972764976958532,1.158917745811213e-06
6.982764976958531,9.737202650055074e-07
6.992764976958531,8.28669956933215e-07
7.002764976958531,8.054471444581661e-07
7.012764976958531,1.009120921074679e-06
7.0227649769585305,1.1891255756485228e-06
7.032764976958532,1.0244322096178582e-06
7.042764976958532,9.435053772975827e-07
7.052764976958532,9.66207390057705e-07
7.0627649769585314,9.405693208660174e-07
7.072764976958531,1.134178196142031e-06
7.082764976958531,1.3596581656491028e-06
7.092764976958531,2.171528932317224e-06
7.102764976958531,3.1833220848812147e-06
7.112764976958532,3.338768304510044e-06
7.122764976958532,2.803854926628444e-06
7.132764976958532,2.6979536400730018e-06
7.1427649769585315,2.6788207600925354e-06
7.152764976958531,1.817825758624754e-06
7.162764976958531,1.6951751825614292e-06
7.172764976958531,1.7271428208124637e-06
7.182764976958531,2.399595895744005e-06
7.192764976958532,2.865464668212817e-06
7.202764976958532,3.6726375893505866e-06
7.212764976958532,4.065522430796307e-06
7.222764976958532,3.672393231741398e-06
7.232764976958531,3.05160473857969e-06
7.242764976958531,2.3707748610525317e-06
7.252764976958531,1.5437777563635666e-06
7.262764976958531,1.4928217114665832e-06
7.272764976958532,1.7589215683600924e-06
7.282764976958532,2.113384805491789e-06
7.292764976958532,1.9134002413857093e-06
7.302764976958532,1.8987202912729095e-06
7.3127649769585314,1.733591658646513e-06
7.322764976958531,1.896828883115493e-06
7.332764976958531,2.1606910396082087e-06
7.342764976958531,2.260668123229676e-06
7.352764976958532,2.2706228914152707e-06
7.362764976958532,2.110559030879629e-06
7.372764976958532,2.29247741349428e-06
7.382764976958532,2.4049432191281406e-06
7.3927649769585315,2.36623268070011e-06
7.402764976958531,2.1860424685586024e-06
7.412764976958531,2.363737615739074e-06
7.422764976958531,2.4653248887907688e-06
7.432764976958532,2.5118864315095823e-06
7.442764976958532,2.4752809851838542e-06
7.452764976958532,2.260751127803914e-06
7.462764976958532,2.4847312898338146e-06
7.472764976958532,2.829454216607595e-06
7.482764976958531,2.71800034064131e-06
7.492764976958531,2.533859081803075e-06
7.502764976958531,2.533008817377164e-06
7.5127649769585325,2.1188749898154437e-06
7.522764976958532,1.7047411622537969e-06
7.532764976958532,1.5079461445141228e-06
7.542764976958532,1.380244934911375e-06
7.552764976958532,1.496483112865802e-06
7.5627649769585314,1.6193597262318854e-06
7.572764976958531,1.7728716743317044e-06
7.582764976958531,1.851330370900209e-06
7.592764976958533,1.5374069492388946e-06
7.602764976958532,1.578713469583352e-06
7.612764976958532,2.0233240615118613e-06
7.622764976958532,2.3385673952829737e-06
7.632764976958532,2.6836077873839414e-06
7.6427649769585315,3.2180790697913646e-06
7.652764976958531,3.155832781465573e-06
7.662764976958531,2.8342169883002136e-06
7.672764976958533,2.362907977485188e-06
7.682764976958532,1.1004374851689708e-06
7.692764976958532,1.1355276543039928e-06
7.702764976958532,1.2113383871963117e-06
7.712764976958532,1.315493618839823e-06
7.722764976958532,1.717799164784788e-06
7.732764976958531,2.32918546934584e-06
7.742764976958531,2.9906860191564006e-06
7.752764976958533,3.0197573046487874e-06
7.7627649769585325,2.4073922842354345e-06
7.772764976958532,1.7050053488563087e-06
7.782764976958532,1.8946610313655494e-06
7.792764976958532,2.697404328707583e-06
7.802764976958532,3.500147626049617e-06
7.8127649769585314,3.4294588893998523e-06
7.822764976958531,4.133311382464822e-06
7.832764976958533,5.041452257118835e-06
7.842764976958533,5.186202021127416e-06
7.852764976958532,4.814561558351383e-06
7.862764976958532,4.272739375018516e-06
7.872764976958532,3.1936794220908842e-06
7.882764976958532,3.0531398532569577e-06
7.8927649769585315,2.6920263386669917e-06
7.902764976958531,2.489534356179576e-06
7.912764976958533,2.4459995914790143e-06
7.922764976958533,2.0212287806325977e-06
7.932764976958532,1.742493780453757e-06
7.942764976958532,1.8372274108333678e-06
7.952764976958532,1.9319610412129787e-06
7.962764976958532,1.949095788686666e-06
7.972764976958532,1.8099550080863786e-06
7.982764976958531,1.6708142274860912e-06
7.992764976958533,1.6114240077603238e-06
8.002764976958533,1.5912861600030232e-06
8.012764976958533,1.6816767537850473e-06
8.022764976958532,1.7849384575208165e-06
8.032764976958532,3.412573740066367e-06
8.042764976958532,3.553796267846258e-06
8.052764976958532,3.5525637395772834e-06
8.062764976958531,4.112907785956172e-06
8.072764976958533,4.36627356908465e-06
8.082764976958533,4.080990368663098e-06
8.092764976958533,4.220939058145777e-06
8.102764976958532,3.22268941464544e-06
8.112764976958532,2.36462533889187e-06
8.122764976958532,2.433362979605388e-06
8.132764976958532,2.4236205645815025e-06
8.142764976958532,2.224888145680295e-06
8.152764976958533,2.6243422507848677e-06
8.162764976958533,1.7374692901501149e-06
8.172764976958533,1.69257777836866e-06
8.182764976958532,1.6215128581268363e-06
8.192764976958532,1.8953529209913576e-06
8.202764976958532,1.7158635894258205e-06
8.212764976958532,2.415896208010126e-06
8.222764976958532,3.115928826594431e-06
8.232764976958531,2.837472400642076e-06
8.242764976958531,3.3190091448077662e-06
8.252764976958533,3.7326770268894152e-06
8.262764976958533,3.6285948131567494e-06
8.272764976958532,2.858620032577396e-06
8.282764976958532,2.0117684910661466e-06
8.292764976958532,2.6332339111683905e-06
8.302764976958532,3.14973494134272e-06
8.312764976958531,3.3578438490427794e-06
8.322764976958533,3.5659527567428762e-06
8.332764976958533,4.012647932530347e-06
8.342764976958533,4.411384934596343e-06
8.352764976958532,4.728025495216036e-06
8.362764976958532,4.600497630923215e-06
8.372764976958532,4.235821581431773e-06
8.382764976958532,2.668593958554407e-06
8.392764976958532,1.4481702481532514e-06
8.402764976958531,1.595304232913469e-06
8.412764976958533,1.9394052965989926e-06
8.422764976958533,1.8037226130021974e-06
8.432764976958532,2.1062872297850536e-06
8.442764976958532,2.5028648054818977e-06
8.452764976958532,2.4003070226798316e-06
8.462764976958532,2.749011106154239e-06
8.472764976958532,3.6590361872184393e-06
8.482764976958533,3.9495873582881855e-06
8.492764976958533,3.9495873582881855e-06
8.502764976958533,3.9495873582881855e-06
8.512764976958533,3.892726479454951e-06
8.522764976958532,3.818841385402252e-06
8.532764976958532,3.744956291349554e-06
8.542764976958532,3.6642678120180536e-06
8.552764976958532,3.6437221185088444e-06
8.562764976958531,3.368344689915415e-06
8.572764976958533,3.3274004399448315e-06
8.582764976958533,3.121442579834128e-06
8.592764976958533,4.2551406963539585e-06
8.602764976958532,5.167091006047402e-06
8.612764976958532,5.408410442882108e-06
8.622764976958532,2.5798719665462797e-06
8.632764976958532,2.1039206831165852e-06
8.642764976958533,1.7041426077254735e-06
8.652764976958533,1.606934870471803e-06
8.662764976958533,3.712953061170647e-06
8.672764976958533,3.3528006959524203e-06
8.682764976958532,3.4296899164216553e-06
8.692764976958532,2.9233003697511408e-06
8.702764976958532,2.721121527248959e-06
8.712764976958532,2.5189426847467773e-06
8.722764976958532,2.4050499635769623e-06
8.732764976958533,3.439362840637313e-06
8.742764976958533,4.805266535449579e-06
8.752764976958533,5.181948799717045e-06
8.762764976958533,5.419651087213536e-06
8.772764976958532,3.868607892582702e-06
8.782764976958532,3.746880404128854e-06
8.792764976958532,3.3643768724661954e-06
8.802764976958533,3.4411664458811425e-06
8.812764976958533,4.719020560068374e-06
8.822764976958533,4.797192137137714e-06
8.832764976958533,4.5133857074927536e-06
8.842764976958533,4.196629066069684e-06
8.852764976958532,2.162198688499905e-06
8.862764976958532,2.402056387976553e-06
8.872764976958532,3.0148765661934645e-06
8.882764976958532,4.131828314944381e-06
8.892764976958533,4.132131097041862e-06
8.902764976958533,4.0770386409654e-06
8.912764976958533,2.373033461537588e-06
8.922764976958533,2.4318684510683513e-06
8.932764976958532,3.395058367722978e-06
8.942764976958532,3.0255200564969292e-06
8.952764976958532,2.6618203208342628e-06
8.962764976958534,2.373429972987745e-06
8.972764976958533,2.8596799169414016e-06
8.982764976958533,3.3208046404035895e-06
8.992764976958533,4.250302519406266e-06
9.002764976958533,6.7501553389202324e-06
9.012764976958533,6.0769739479444765e-06
9.022764976958532,4.65769075635381e-06
9.032764976958532,2.628493513729728e-06
9.042764976958532,4.690216302445953e-06
9.052764976958533,3.8767887159094946e-06
9.062764976958533,2.515046919675354e-06
9.072764976958533,2.2674616311115696e-06
9.082764976958533,2.6166107318973176e-06
9.092764976958533,3.0388043932965676e-06
9.102764976958532,3.870396559901315e-06
9.112764976958532,4.063536757934633e-06
9.122764976958534,4.094971655125514e-06
9.132764976958534,4.353539358026183e-06
9.142764976958533,4.64792699430148e-06
9.152764976958533,5.199772268909176e-06
9.162764976958533,4.980163180414581e-06
9.172764976958533,5.393520733689306e-06
9.182764976958532,6.324056713905381e-06
9.192764976958532,7.254592694121457e-06
9.202764976958532,7.87316781087975e-06
