m_A0_GeV,B1B2_UL_blue
3.8342293906810037,3.7239678003819512e-06
3.8442293906810034,3.7435177775866553e-06
3.8542293906810032,3.698684925501921e-06
3.864229390681003,3.6562149484129877e-06
3.874229390681003,3.6238615548094165e-06
3.8842293906810026,3.5992583242810998e-06
3.8942293906810024,3.5748221307500024e-06
3.904229390681002,3.520570281217705e-06
3.914229390681002,3.4585082673148972e-06
3.9242293906810017,3.3602196809594442e-06
3.9342293906810015,3.302366918712137e-06
3.9442293906810013,3.2374545200528694e-06
3.954229390681001,3.150114722829127e-06
3.964229390681001,3.0557164903670928e-06
3.9742293906810007,2.9592963207828194e-06
3.9842293906810005,2.855944111705674e-06
3.9942293906810002,2.7893268409236654e-06
4.004229390681,2.72318694809651e-06
4.014229390681,2.7004330338805266e-06
4.024229390681,2.6670766853501823e-06
4.034229390680999,2.6489692876105295e-06
4.044229390680999,2.6332868363567825e-06
4.054229390680999,2.6309848251635525e-06
4.064229390680999,2.6309848251635525e-06
4.0742293906809985,2.6309848251635525e-06
4.084229390680998,2.6309848251635525e-06
4.094229390680998,2.6309848251635525e-06
4.104229390680998,2.6309848251635525e-06
4.114229390680998,2.6309848251635525e-06
4.1242293906809975,2.6309848251635525e-06
4.134229390680997,2.6309848251635525e-06
4.144229390680997,2.6309848251635525e-06
4.154229390680997,2.6309848251635525e-06
4.164229390680997,2.6309848251635525e-06
4.174229390680996,2.6309848251635525e-06
4.184229390680996,2.6309848251635525e-06
4.194229390680996,2.6309848251635525e-06
4.204229390680996,2.6309848251635525e-06
4.214229390680996,2.6309848251635525e-06
4.224229390680995,2.6309848251635525e-06
4.234229390680995,2.6309848251635525e-06
4.244229390680995,2.6309848251635525e-06
4.254229390680995,2.6309848251635525e-06
4.2642293906809945,2.6309848251635525e-06
4.274229390680994,2.6309848251635525e-06
4.284229390680994,2.6309848251635525e-06
4.294229390680994,2.6309848251635525e-06
4.304229390680994,2.6309848251635525e-06
4.314229390680993,2.6334307120563024e-06
4.324229390680993,2.655632809978681e-06
4.334229390680993,2.696321335779611e-06
4.344229390680993,2.7190400693600277e-06
4.354229390680993,2.7606945402410963e-06
4.364229390680992,2.803001974618861e-06
4.374229390680992,2.835715923362942e-06
4.384229390680992,2.8746162855604517e-06
4.394229390680992,2.914050283079691e-06
4.4042293906809915,2.9631024622113282e-06
4.414229390680991,3.013280694581926e-06
4.424229390680991,3.070752152128769e-06
4.434229390680991,3.117790246797112e-06
4.444229390680991,3.140808228985388e-06
4.45422939068099,3.162277660168379e-06
4.46422939068099,3.1889998247994344e-06
4.47422939068099,3.2056577975566685e-06
4.48422939068099,3.253199302129121e-06
4.49422939068099,3.330925202615826e-06
4.504229390680989,3.4104738908458333e-06
4.514229390680989,3.5157567851080934e-06
4.524229390680989,3.624259251985825e-06
4.534229390680989,3.768003315911535e-06
4.5442293906809885,3.877946063046282e-06
4.554229390680988,3.997672391782496e-06
4.564229390680988,4.121054161625595e-06
4.574229390680988,4.190844138980947e-06
4.584229390680988,4.320287431725247e-06
4.5942293906809875,4.404372062394525e-06
4.604229390680987,4.529025030947819e-06
4.614229390680987,4.634099700650713e-06
4.624229390680987,4.715712939469101e-06
4.634229390680987,4.795548959860144e-06
4.644229390680986,4.88354715678701e-06
4.654229390680986,4.958353826768436e-06
4.664229390680986,5.0343424011874986e-06
4.674229390680986,5.059900908466185e-06
4.6842293906809855,5.094488564390075e-06
4.694229390680985,5.129312649043293e-06
4.704229390680985,5.241804329323407e-06
4.714229390680985,5.285994532023938e-06
4.724229390680985,5.343313441757622e-06
4.7342293906809845,5.379838403443687e-06
4.744229390680984,5.383957162355005e-06
4.754229390680984,5.403962562782502e-06
4.764229390680984,5.379838403443687e-06
4.774229390680984,5.249008510859425e-06
4.784229390680983,5.0255480761025375e-06
4.794229390680983,4.939292781877324e-06
4.804229390680983,4.857098837275107e-06
4.814229390680983,4.767578122151462e-06
4.8242293906809826,4.695616505318741e-06
4.834229390680982,4.59337378734558e-06
4.844229390680982,4.524067741273711e-06
4.854229390680982,4.4455857745926695e-06
4.864229390680982,4.38542647692208e-06
4.8742293906809815,4.3260812769384475e-06
4.884229390680981,4.33672702768094e-06
4.894229390680981,4.38542647692208e-06
4.904229390680981,4.4455857745926695e-06
4.914229390680981,4.474272442548e-06
4.92422939068098,4.415403669125491e-06
4.93422939068098,4.415403669125491e-06
4.94422939068098,4.392860820588683e-06
4.95422939068098,4.356129185501552e-06
4.96422939068098,4.3685589930456066e-06
4.974229390680979,4.442539264285388e-06
4.984229390680979,4.579701366596473e-06
4.994229390680979,4.6917848155008084e-06
5.004229390680979,4.758990007415186e-06
5.0142293906809785,4.803835912913595e-06
5.024229390680978,4.84432386367681e-06
5.034229390680978,4.952155254340663e-06
5.044229390680978,5.064898553787333e-06
5.054229390680978,5.199676580150829e-06
5.064229390680977,5.1106469396693694e-06
5.074229390680977,5.0073140780499935e-06
5.084229390680977,4.857250845491512e-06
5.094229390680977,4.672556511534004e-06
5.104229390680977,4.4503595863241455e-06
5.114229390680976,4.265170541170233e-06
5.124229390680976,4.10066956430093e-06
5.134229390680976,3.977868034676191e-06
5.144229390680976,3.842744006755517e-06
5.1542293906809755,3.6925218829177354e-06
5.164229390680975,3.581883807814872e-06
5.174229390680975,3.4983335186173666e-06
5.184229390680975,3.4009466884552496e-06
5.194229390680975,3.337113054230099e-06
5.2042293906809745,3.276677216684221e-06
5.214229390680974,3.2718463420339117e-06
5.224229390680974,3.277392901817287e-06
5.234229390680974,3.3050201619295567e-06
5.244229390680974,3.372018174012239e-06
5.254229390680973,3.4070556704316796e-06
5.264229390680973,3.4316497755939816e-06
5.274229390680973,3.4316497755939816e-06
5.284229390680973,3.4316497755939816e-06
5.2942293906809725,3.4726995114251803e-06
5.304229390680972,3.5289532996235684e-06
5.314229390680972,3.5912993772336197e-06
5.324229390680972,3.7166563871366847e-06
5.334229390680972,3.8636404196421305e-06
5.3442293906809715,4.0705965361081e-06
5.354229390680971,4.225035227499845e-06
5.364229390680971,4.3260812769384475e-06
5.374229390680971,4.429222445625828e-06
5.384229390680971,4.688301049363516e-06
5.39422939068097,4.970057123902158e-06
5.40422939068097,5.353496926423195e-06
5.41422939068097,5.628635766382926e-06
5.42422939068097,5.945150032441255e-06
5.4342293906809696,6.217470579470937e-06
5.444229390680969,6.381461265001234e-06
5.454229390680969,6.5810972018693835e-06
5.464229390680969,6.7192321212998005e-06
5.474229390680969,6.828409008585842e-06
5.4842293906809685,6.84147843946156e-06
5.494229390680968,6.875085547429002e-06
5.504229390680968,6.94525401067361e-06
5.514229390680968,7.0627096776939245e-06
5.524229390680968,7.161921982989827e-06
5.534229390680967,7.260169256940389e-06
5.544229390680967,7.359764287381673e-06
5.554229390680967,7.359764287381673e-06
5.564229390680967,7.260169256940389e-06
5.574229390680967,7.260169256940389e-06
5.584229390680966,7.3899495024031915e-06
5.594229390680966,7.640765663436422e-06
5.604229390680966,7.885528880759467e-06
5.614229390680966,8.257476656162409e-06
5.6242293906809655,8.642942972845886e-06
5.634229390680965,8.984783337094238e-06
5.644229390680965,9.340436717212452e-06
5.654229390680965,9.761086213957618e-06
5.664229390680965,1.0163152189347705e-05
5.674229390680964,1.058740930482749e-05
5.684229390680964,1.0914180230613104e-05
5.694229390680964,1.1163189142939874e-05
5.704229390680964,1.1381854192049197e-05
5.714229390680964,1.158657414792927e-05
5.724229390680963,1.1764067558829991e-05
5.734229390680963,1.2019368678691635e-05
5.744229390680963,1.207589480351407e-05
5.754229390680963,1.1893676171863004e-05
5.7642293906809625,1.179425173205159e-05
5.774229390680962,1.1615602421545104e-05
5.784229390680962,1.1249694917666364e-05
5.794229390680962,1.089565550610917e-05
5.804229390680962,1.0339046550856703e-05
5.8142293906809615,9.81064979478354e-06
5.824229390680961,9.225828220719497e-06
5.834229390680961,8.632434679061127e-06
5.844229390680961,8.123030106776125e-06
5.854229390680961,7.547121269935714e-06
5.86422939068096,6.99005904056385e-06
5.87422939068096,6.541545982058352e-06
5.88422939068096,6.174399177914175e-06
5.89422939068096,5.863181572944193e-06
5.9042293906809595,5.719073517300148e-06
5.914229390680959,5.604291417284961e-06
5.924229390680959,5.566242592405231e-06
5.934229390680959,5.6703712909377025e-06
5.944229390680959,5.914351882487791e-06
5.9542293906809585,6.097032299180852e-06
5.964229390680958,6.2249035491726215e-06
5.974229390680958,6.320275723550584e-06
5.984229390680958,6.2924035593363974e-06
5.994229390680958,6.244930762555115e-06
6.004229390680957,6.192755437501633e-06
6.014229390680957,6.165109979712778e-06
6.024229390680957,6.015183417625513e-06
6.034229390680957,5.834948730443402e-06
6.0442293906809565,5.621831025517331e-06
6.054229390680956,5.416443523063108e-06
6.064229390680956,5.13164158210848e-06
6.074229390680956,4.861544529573734e-06
6.084229390680956,4.669349984425494e-06
6.0942293906809555,4.381271662460195e-06
6.104229390680955,4.106576018529284e-06
6.114229390680955,3.788656460765564e-06
6.124229390680955,3.5353323758998587e-06
6.134229390680955,3.292574796123281e-06
6.144229390680954,3.1119534504811714e-06
6.154229390680954,2.9647600012963955e-06
6.164229390680954,2.852936223201042e-06
6.174229390680954,2.754091696357581e-06
6.184229390680954,2.7029896493361122e-06
6.194229390680953,2.639935606490246e-06
6.204229390680953,2.6309848251635525e-06
6.214229390680953,2.6309848251635525e-06
6.224229390680953,2.6309848251635525e-06
6.2342293906809525,2.6309848251635525e-06
6.244229390680952,2.6314691391381783e-06
6.254229390680952,2.632034509844962e-06
6.264229390680952,2.632599880551746e-06
6.274229390680952,2.6331652512585296e-06
6.284229390680951,2.6337306219653134e-06
6.294229390680951,2.634295992672097e-06
6.304229390680951,2.634861363378881e-06
6.314229390680951,2.6354267340856647e-06
6.324229390680951,2.635992104792449e-06
6.33422939068095,2.6365574754992326e-06
6.34422939068095,2.6371228462060164e-06
6.35422939068095,2.6376882169128e-06
6.36422939068095,2.638253587619584e-06
6.3742293906809495,2.6388189583263677e-06
6.384229390680949,2.6393843290331515e-06
6.394229390680949,2.6399496997399357e-06
6.404229390680949,2.6405150704467195e-06
6.414229390680949,2.6410804411535032e-06
6.4242293906809484,2.641645811860287e-06
6.434229390680948,2.6422111825670708e-06
6.444229390680948,2.6427765532738545e-06
6.454229390680948,2.6433419239806383e-06
6.464229390680948,2.6439072946874225e-06
6.474229390680947,2.6444726653942063e-06
6.484229390680947,2.64503803610099e-06
6.494229390680947,2.645603406807774e-06
6.504229390680947,2.6461687775145576e-06
6.5142293906809465,2.6467341482213414e-06
6.524229390680946,2.647299518928125e-06
6.534229390680946,2.6478648896349093e-06
6.544229390680946,2.648430260341693e-06
6.554229390680946,2.6527484990058393e-06
6.5642293906809455,2.8106955890442727e-06
6.574229390680945,3.0090987145824037e-06
6.584229390680945,3.386451379983589e-06
6.594229390680945,3.861690391539942e-06
6.604229390680945,4.489108757165866e-06
6.614229390680944,5.1130192788718695e-06
6.624229390680944,5.942683563775766e-06
6.634229390680944,6.6324730197053795e-06
6.644229390680944,7.358425890088474e-06
6.6542293906809435,7.970891315379003e-06
6.664229390680943,8.37534434863118e-06
6.674229390680943,8.819339112344294e-06
6.684229390680943,9.182812669157039e-06
6.694229390680943,9.692840747485992e-06
6.7042293906809425,1.023078442961693e-05
6.714229390680942,1.0811435994718148e-05
6.724229390680942,1.1396946088998502e-05
6.734229390680942,1.197174760151296e-05
6.744229390680942,1.2739686820110469e-05
6.754229390680941,1.3334107823543576e-05
6.764229390680941,1.3769310160905624e-05
6.774229390680941,1.4194660223390326e-05
6.784229390680941,1.4577767009172646e-05
6.794229390680941,1.5015735104235717e-05
6.80422939068094,1.5152119010311334e-05
6.81422939068094,1.5049247785413594e-05
6.82422939068094,1.4909730655733339e-05
6.83422939068094,1.4785121742086936e-05
6.8442293906809395,1.4644699793797197e-05
6.854229390680939,1.4644699793797197e-05
6.864229390680939,1.438865563387538e-05
6.874229390680939,1.4053139649501375e-05
6.884229390680939,1.3632125728060872e-05
6.894229390680938,1.322359177738649e-05
6.904229390680938,1.2934959198160453e-05
6.914229390680938,1.2779353266499962e-05
6.924229390680938,1.2779353266499962e-05
6.934229390680938,1.2692591294591508e-05
6.944229390680937,1.242299038142741e-05
6.954229390680937,1.2235555302075853e-05
6.964229390680937,1.210152874383943e-05
6.974229390680937,1.2019368678691635e-05
6.9842293906809365,1.2281000453059609e-05
6.994229390680936,1.2660374057490856e-05
7.004229390680936,1.3051335858338392e-05
7.014229390680936,1.3242386245222663e-05
7.024229390680936,1.3222140726355663e-05
7.0342293906809354,1.315391692632754e-05
7.044229390680935,1.3222140726355663e-05
7.054229390680935,1.3096176217505795e-05
7.064229390680935,1.2623076925995436e-05
7.074229390680935,1.2129225006967103e-05
7.084229390680934,1.1413926613763755e-05
7.094229390680934,1.0649452443807679e-05
7.104229390680934,9.901736835567613e-06
7.114229390680934,8.790046924164369e-06
7.1242293906809335,7.653284960145135e-06
7.134229390680933,6.436563310354421e-06
7.144229390680933,5.319954864834748e-06
7.154229390680933,4.346793127866681e-06
7.164229390680933,3.636329051992877e-06
7.1742293906809325,3.1226831563931877e-06
7.184229390680932,2.849365298471714e-06
7.194229390680932,2.687969202584066e-06
7.204229390680932,2.6309848251635525e-06
7.214229390680932,2.6309848251635525e-06
7.224229390680931,2.6309848251635525e-06
7.234229390680931,2.6309848251635525e-06
7.244229390680931,2.6894336098659708e-06
7.254229390680931,2.7980839933223187e-06
7.2642293906809305,2.9520288109809933e-06
7.27422939068093,3.2606639292509728e-06
7.28422939068093,3.607322315554374e-06
7.29422939068093,4.122864640708119e-06
7.30422939068093,4.650185343023259e-06
7.3142293906809295,5.241792671775744e-06
7.324229390680929,5.788630859993581e-06
7.334229390680929,6.5110353336812146e-06
7.344229390680929,6.936409130793338e-06
7.354229390680929,7.343143565606612e-06
7.364229390680928,7.656032048641336e-06
7.374229390680928,7.939407787678131e-06
7.384229390680928,8.041284798014141e-06
7.394229390680928,7.86891890876927e-06
7.404229390680928,7.529860461572224e-06
7.414229390680927,7.197355399434462e-06
7.424229390680927,6.729543396914449e-06
7.434229390680927,6.2250916428602135e-06
7.444229390680927,5.672175131727199e-06
7.4542293906809265,5.203147563457493e-06
7.464229390680926,4.509708397352155e-06
7.474229390680926,3.835772991539434e-06
7.484229390680926,3.4224919361860574e-06
7.494229390680926,3.048675207874474e-06
7.504229390680925,2.80825901101098e-06
7.514229390680925,2.6763364142445086e-06
7.524229390680925,2.6309848251635525e-06
7.534229390680925,2.6309848251635525e-06
7.544229390680925,2.6309848251635525e-06
7.554229390680924,2.6309848251635525e-06
7.564229390680924,2.6309848251635525e-06
7.574229390680924,2.6309848251635525e-06
7.584229390680924,2.6309848251635525e-06
7.5942293906809235,2.6309848251635525e-06
7.604229390680923,2.6309848251635525e-06
7.614229390680923,2.6309848251635525e-06
7.624229390680923,2.6309848251635525e-06
7.634229390680923,2.6309848251635525e-06
7.644229390680922,2.74788123076076e-06
7.654229390680922,2.9642812117144467e-06
7.664229390680922,3.2883262652860136e-06
7.674229390680922,3.7775295493144743e-06
7.684229390680922,4.423674692242027e-06
7.694229390680921,5.061144532154747e-06
7.704229390680921,5.7092843137077925e-06
7.714229390680921,6.340367106115251e-06
7.724229390680921,6.946220983442808e-06
7.7342293906809205,7.533312544901588e-06
7.74422939068092,8.033571716632321e-06
7.75422939068092,8.54004948181724e-06
7.76422939068092,8.757975863492178e-06
7.77422939068092,8.906439907163225e-06
7.7842293906809195,8.867740469511651e-06
7.794229390680919,8.682238934115317e-06
7.804229390680919,8.667020473828689e-06
7.814229390680919,8.746307361784704e-06
7.824229390680919,8.914898312816148e-06
7.834229390680918,9.14004545929474e-06
7.844229390680918,9.345548685083412e-06
7.854229390680918,9.371701912615942e-06
7.864229390680918,9.184004861791334e-06
7.8742293906809175,8.895651869971297e-06
7.884229390680917,8.552072889198865e-06
7.894229390680917,8.154545460285474e-06
7.904229390680917,7.622831968943134e-06
7.914229390680917,7.229979735704494e-06
7.9242293906809165,6.8963564395664565e-06
7.934229390680916,6.916441677904382e-06
7.944229390680916,6.733755327054033e-06
7.954229390680916,6.389833102562823e-06
7.964229390680916,6.071093925396275e-06
7.974229390680915,5.631752940106469e-06
7.984229390680915,5.166958150768679e-06
7.994229390680915,4.613983915612042e-06
8.004229390680916,4.147845660268459e-06
8.014229390680914,3.677879892063307e-06
8.024229390680915,3.307055915493946e-06
8.034229390680913,3.0202276905117415e-06
8.044229390680915,2.835537677508642e-06
8.054229390680913,2.7275406268696016e-06
8.064229390680914,2.6670766853501823e-06
8.074229390680912,2.6988638981921624e-06
8.084229390680914,2.7747061940662127e-06
8.094229390680912,2.9239983087402616e-06
8.104229390680914,3.126402060041023e-06
8.114229390680912,3.3967114777486954e-06
8.124229390680913,3.626962960305213e-06
8.134229390680911,3.927611490079724e-06
8.144229390680913,4.2953338419625975e-06
8.15422939068091,4.7137298900242955e-06
8.164229390680912,5.313278558458534e-06
8.17422939068091,6.2305734713748884e-06
8.184229390680912,7.359831090146072e-06
8.19422939068091,8.739113301584205e-06
8.204229390680911,1.0383313984237024e-05
8.21422939068091,1.1864805365434778e-05
8.224229390680911,1.3141649212716528e-05
8.234229390680909,1.3890843140116407e-05
8.24422939068091,1.4379042775970553e-05
8.254229390680909,1.4446522343431351e-05
8.26422939068091,1.4446522343431351e-05
8.274229390680908,1.4346888229776413e-05
8.28422939068091,1.3894941454219135e-05
8.294229390680908,1.3233456616697846e-05
8.30422939068091,1.2367846281629586e-05
8.314229390680907,1.1334765124384421e-05
8.324229390680909,1.0417849096146818e-05
8.334229390680907,9.640742774794888e-06
8.344229390680908,8.822800168458083e-06
8.354229390680906,8.190007265518625e-06
8.364229390680908,7.719229702430872e-06
8.374229390680906,7.860331304275447e-06
8.384229390680908,8.158448192202737e-06
8.394229390680906,8.319904536856711e-06
8.404229390680907,8.039974538797268e-06
8.414229390680905,7.78459731273472e-06
8.424229390680907,7.4131838980147835e-06
8.434229390680905,7.023304713821281e-06
8.444229390680906,6.350269001503597e-06
8.454229390680904,5.795086456816135e-06
8.464229390680906,5.211123049652075e-06
8.474229390680904,4.604010810636771e-06
8.484229390680905,4.256189126979246e-06
8.494229390680903,3.950463250533486e-06
8.504229390680905,3.862058463295056e-06
8.514229390680903,3.936716116164372e-06
8.524229390680905,4.030686465915709e-06
8.534229390680903,4.0966233446486806e-06
8.544229390680904,4.132295275180982e-06
8.554229390680902,4.138610833530697e-06
8.564229390680904,4.08354583823365e-06
8.574229390680902,3.987371527209818e-06
8.584229390680903,4.11354028048818e-06
8.594229390680901,4.420849180153139e-06
8.604229390680903,4.813933861975481e-06
8.6142293906809,5.712090262687608e-06
8.624229390680902,6.4422572108440985e-06
8.6342293906809,7.598134892118977e-06
8.644229390680902,8.595782550348728e-06
8.6542293906809,9.478129957070178e-06
8.664229390680902,9.581495574590954e-06
8.6742293906809,8.847056363759616e-06
8.684229390680901,7.98094963380719e-06
8.6942293906809,7.285488127257483e-06
8.7042293906809,6.604142546843035e-06
8.714229390680899,6.344770387854362e-06
8.7242293906809,6.61148565679422e-06
8.734229390680898,7.213170469288314e-06
8.7442293906809,7.69648133814105e-06
8.754229390680898,8.778691142965817e-06
8.7642293906809,9.512999802091806e-06
8.774229390680897,1.0492725183264516e-05
8.784229390680899,1.1530305104806206e-05
8.794229390680897,1.2552066252049022e-05
8.804229390680899,1.3573522029567311e-05
8.814229390680897,1.4614916263571235e-05
8.824229390680898,1.5852137707554463e-05
8.834229390680896,1.7245920927580334e-05
8.844229390680898,1.7881123357318406e-05
8.854229390680896,1.7254780151255813e-05
8.864229390680897,1.662425806147304e-05
8.874229390680895,1.6024598633271698e-05
8.884229390680897,1.5520285548061203e-05
8.894229390680895,1.4867785410460871e-05
8.904229390680896,1.4707165863460096e-05
8.914229390680894,1.4845595843207149e-05
8.924229390680896,1.4016747509509082e-05
8.934229390680894,1.2936679104181045e-05
8.944229390680896,1.17536479310496e-05
8.954229390680894,1.0655280085192978e-05
8.964229390680895,9.862540452558254e-06
8.974229390680893,9.915188985793786e-06
8.984229390680895,1.0661434083228203e-05
8.994229390680893,1.2103012133714739e-05
9.004229390680894,1.382674461611174e-05
9.014229390680892,1.626900193129302e-05
9.024229390680894,1.8095715899853893e-05
9.034229390680892,1.9874375025286524e-05
9.044229390680893,2.2113471651087435e-05
9.054229390680891,2.3340481338205842e-05
9.064229390680893,2.4300304601035554e-05
9.074229390680891,2.4058266700947265e-05
9.084229390680893,2.1393499630074773e-05
9.09422939068089,1.904959051582983e-05
9.104229390680892,1.561654956015719e-05
9.11422939068089,1.2465308207232336e-05
9.124229390680892,9.860462854738439e-06
9.13422939068089,8.02106191882694e-06
9.144229390680891,6.96031316325375e-06
9.15422939068089,7.304002128221134e-06
9.164229390680891,8.626274543979337e-06
9.174229390680889,1.0193147193562811e-05
9.18422939068089,1.1735607048725175e-05
9.194229390680889,1.3222140726355663e-05
9.20422939068089,1.2311562828205357e-05
9.214229390680888,1.008753994815734e-05
