m_A0_GeV,B1B2_UL_red
3.838709677419355,5.271005763942227e-06
3.8487096774193548,5.243522060771715e-06
3.8587096774193546,5.3602610239799535e-06
3.8687096774193543,5.4683293993742245e-06
3.878709677419354,5.56352167621468e-06
3.888709677419354,5.687384618561226e-06
3.8987096774193537,5.814010018327642e-06
3.9087096774193535,5.943439770819754e-06
3.9187096774193533,6.0757356989045285e-06
3.928709677419353,6.210986333094286e-06
3.938709677419353,6.320025708709999e-06
3.9487096774193526,6.4906249549062014e-06
3.9587096774193524,6.7524143881385975e-06
3.968709677419352,7.018578442845136e-06
3.978709677419352,7.347227398618694e-06
3.988709677419352,7.612871945030454e-06
3.9987096774193516,7.847906351201891e-06
4.008709677419351,8.090116676468824e-06
4.018709677419351,8.35013861157754e-06
4.028709677419351,8.71552931598502e-06
4.038709677419351,8.98463419689141e-06
4.0487096774193505,9.261955902149814e-06
4.05870967741935,9.547927117272516e-06
4.06870967741935,9.8428628270666e-06
4.07870967741935,1.011727731291735e-05
4.08870967741935,1.0332437658941071e-05
4.098709677419349,1.0488419738748272e-05
4.108709677419349,1.0579171664579785e-05
4.118709677419349,1.0741273468557775e-05
4.128709677419349,1.0905831871958496e-05
4.138709677419349,1.106989631913902e-05
4.148709677419348,1.1227830765418685e-05
4.158709677419348,1.1337344351400993e-05
4.168709677419348,1.1511043591080893e-05
4.178709677419348,1.1678541553598468e-05
4.1887096774193475,1.1757096966507285e-05
4.198709677419347,1.1428814281626698e-05
4.208709677419347,1.0870730913274769e-05
4.218709677419347,1.0328474523962404e-05
4.228709677419347,9.851947769501872e-06
4.2387096774193465,9.352028111658327e-06
4.248709677419346,8.904354144351736e-06
4.258709677419346,8.478617130405684e-06
4.268709677419346,8.045269559733548e-06
4.278709677419346,7.676068597316001e-06
4.288709677419345,7.272713673449681e-06
4.298709677419345,6.921646045911461e-06
4.308709677419345,6.658021490873682e-06
4.318709677419345,6.410505762353247e-06
4.3287096774193445,6.261067949574942e-06
4.338709677419344,6.073536359741457e-06
4.348709677419344,5.9249924496081324e-06
4.358709677419344,5.793450710547233e-06
4.368709677419344,5.619998439809761e-06
4.3787096774193435,5.451685052728603e-06
4.388709677419343,5.324508923726166e-06
4.398709677419343,5.199960925046561e-06
4.408709677419343,5.044563082928198e-06
4.418709677419343,4.908638837635675e-06
4.428709677419342,4.801739714128886e-06
4.438709677419342,4.851992437455806e-06
4.448709677419342,4.934149599587367e-06
4.458709677419342,5.073182568340857e-06
4.4687096774193416,5.1726568306053236e-06
4.478709677419341,5.3015597911859124e-06
4.488709677419341,5.422557446098019e-06
4.498709677419341,5.514419379839254e-06
4.508709677419341,5.66358283386755e-06
4.5187096774193405,5.780895981176907e-06
4.52870967741934,5.838108867684438e-06
4.53870967741934,5.838108867684438e-06
4.54870967741934,5.878016072274912e-06
4.55870967741934,5.878016072274912e-06
4.568709677419339,5.878016072274912e-06
4.578709677419339,5.918196068108975e-06
4.588709677419339,5.934377928820874e-06
4.598709677419339,5.918196068108975e-06
4.608709677419339,5.838108867684438e-06
4.618709677419338,5.755351846919243e-06
4.628709677419338,5.681171109004659e-06
4.638709677419338,5.582984075352458e-06
4.648709677419338,5.528452089758757e-06
4.6587096774193375,5.452750423566147e-06
4.668709677419337,5.407198730498643e-06
4.678709677419337,5.398667015610586e-06
4.688709677419337,5.3190275076226134e-06
4.698709677419337,5.130513730576235e-06
4.708709677419336,4.963775899925692e-06
4.718709677419336,4.991428473027913e-06
4.728709677419336,4.991428473027913e-06
4.738709677419336,4.927921577797473e-06
4.748709677419336,4.897967031533126e-06
4.758709677419335,4.9575405157949735e-06
4.768709677419335,4.938153574560297e-06
4.778709677419335,5.027078728502813e-06
4.788709677419335,5.307036456446705e-06
4.7987096774193345,5.307036456446705e-06
4.808709677419334,5.343728637732847e-06
4.818709677419334,5.434155677716161e-06
4.828709677419334,5.4536390478361075e-06
4.838709677419334,5.543619955263643e-06
4.8487096774193335,5.637503444107505e-06
4.858709677419333,5.732919502552787e-06
4.868709677419333,5.8298925108552145e-06
4.878709677419333,5.84836002933838e-06
4.888709677419333,5.947422969412439e-06
4.898709677419332,6.023659593504585e-06
4.908709677419332,6.07441442096086e-06
4.918709677419332,6.084009491664341e-06
4.928709677419332,6.165109979712778e-06
4.9387096774193315,6.187024062105813e-06
4.948709677419331,6.2496829826791315e-06
4.958709677419331,6.2924035593363974e-06
4.968709677419331,6.344770387855139e-06
4.978709677419331,6.3982567615817325e-06
4.9887096774193305,6.422325422229357e-06
4.99870967741933,6.5065372383596e-06
5.00870967741933,6.510426907648501e-06
5.01870967741933,6.5717773180086495e-06
5.02870967741933,6.599736969591376e-06
5.038709677419329,6.644850388929372e-06
5.048709677419329,6.687001817831941e-06
5.058709677419329,6.631135909450885e-06
5.068709677419329,6.57572034579643e-06
5.0787096774193285,6.510426907648501e-06
5.088709677419328,6.466226120277609e-06
5.098709677419328,6.412209608334341e-06
5.108709677419328,6.3354161584330396e-06
5.118709677419328,6.2496829826791315e-06
5.1287096774193275,6.126267285767418e-06
5.138709677419327,5.986392171151817e-06
5.148709677419327,5.7918123646963125e-06
5.158709677419327,5.594953101814846e-06
5.168709677419327,5.390465696236669e-06
5.178709677419326,5.228985339714693e-06
5.188709677419326,5.107100892059061e-06
5.198709677419326,5.006714055205565e-06
5.208709677419326,4.96486031455751e-06
5.218709677419326,4.890453258743671e-06
5.228709677419325,4.874040765640372e-06
5.238709677419325,4.8242738510673415e-06
5.248709677419325,4.7683588598548095e-06
5.258709677419325,4.758990007415186e-06
5.2687096774193245,4.758990007415186e-06
5.278709677419324,4.7458075767962736e-06
5.288709677419324,4.726680128446714e-06
5.298709677419324,4.726680128446714e-06
5.308709677419324,4.726680128446714e-06
5.318709677419323,4.726680128446714e-06
5.328709677419323,4.726680128446714e-06
5.338709677419323,4.726680128446714e-06
5.348709677419323,4.726680128446714e-06
5.358709677419323,4.726680128446714e-06
5.368709677419322,4.742705828414842e-06
5.378709677419322,4.763579903729119e-06
5.388709677419322,4.677915126485535e-06
5.398709677419322,4.6178536496360576e-06
5.4087096774193215,4.726680128446714e-06
5.418709677419321,4.726680128446714e-06
5.428709677419321,4.726680128446714e-06
5.438709677419321,4.726680128446714e-06
5.448709677419321,4.726680128446714e-06
5.4587096774193204,4.726680128446714e-06
5.46870967741932,4.758990007415186e-06
5.47870967741932,4.8242738510673415e-06
5.48870967741932,4.866547521201571e-06
5.49870967741932,4.890453258743671e-06
5.508709677419319,4.923882631706742e-06
5.518709677419319,4.9567327265765896e-06
5.528709677419319,4.9575405157949735e-06
5.538709677419319,4.991428473027913e-06
5.5487096774193185,4.991428473027913e-06
5.558709677419318,4.991428473027913e-06
5.568709677419318,4.991428473027913e-06
5.578709677419318,4.991428473027913e-06
5.588709677419318,4.991428473027913e-06
5.5987096774193175,4.991428473027913e-06
5.608709677419317,4.991428473027913e-06
5.618709677419317,4.991428473027913e-06
5.628709677419317,4.991428473027913e-06
5.638709677419317,4.991428473027913e-06
5.648709677419316,4.9575405157949735e-06
5.658709677419316,4.9575405157949735e-06
5.668709677419316,4.9575405157949735e-06
5.678709677419316,4.923882631706742e-06
5.6887096774193155,4.923882631706742e-06
5.698709677419315,4.923882631706742e-06
5.708709677419315,4.890453258743671e-06
5.718709677419315,4.890453258743671e-06
5.728709677419315,4.857250845491116e-06
5.7387096774193145,4.8242738510673415e-06
5.748709677419314,4.8242738510673415e-06
5.758709677419314,4.8242738510673415e-06
5.768709677419314,4.8242738510673415e-06
5.778709677419314,4.857516464796829e-06
5.788709677419313,4.890453258743671e-06
5.798709677419313,4.906231922781932e-06
5.808709677419313,4.947577782104544e-06
5.818709677419313,4.989259643764686e-06
5.828709677419313,4.991428473027913e-06
5.838709677419312,5.005076314257437e-06
5.848709677419312,5.047259066156031e-06
5.858709677419312,5.08978464318409e-06
5.868709677419312,5.094488564390075e-06
5.8787096774193115,5.129312649043293e-06
5.888709677419311,5.129312649043293e-06
5.898709677419311,5.129312649043293e-06
5.908709677419311,5.129312649043293e-06
5.918709677419311,5.129312649043293e-06
5.92870967741931,5.129312649043293e-06
5.93870967741931,5.129312649043293e-06
5.94870967741931,5.129312649043293e-06
5.95870967741931,5.129312649043293e-06
5.96870967741931,5.114825829827911e-06
5.978709677419309,5.094488564390075e-06
5.988709677419309,5.094488564390075e-06
5.998709677419309,5.094488564390075e-06
6.008709677419309,5.094488564390075e-06
6.0187096774193085,5.094488564390075e-06
6.028709677419308,5.094488564390075e-06
6.038709677419308,5.09310505815348e-06
6.048709677419308,5.050556938063633e-06
6.058709677419308,5.110219780909468e-06
6.0687096774193074,5.235876193895099e-06
6.078709677419307,5.237517828565308e-06
6.088709677419307,5.206785202541403e-06
6.098709677419307,5.266244534300201e-06
6.108709677419307,5.367566016316775e-06
6.118709677419306,5.449788342665265e-06
6.128709677419306,5.538159523681295e-06
6.138709677419306,5.6564858105663634e-06
6.148709677419306,5.7431526803324086e-06
6.1587096774193055,5.831132884975459e-06
6.168709677419305,5.922742474977565e-06
6.178709677419305,6.0522830154073995e-06
6.188709677419305,6.145018931119747e-06
6.198709677419305,6.239160209545933e-06
6.2087096774193045,6.3354161584330396e-06
6.218709677419304,6.475773490349017e-06
6.228709677419304,6.57500343165252e-06
6.238709677419304,6.690272187315477e-06
6.248709677419304,6.824329360170876e-06
6.258709677419303,6.928894776321637e-06
6.268709677419303,7.035073480327853e-06
6.278709677419303,7.142861399508343e-06
6.288709677419303,7.2444496931071516e-06
6.2987096774193025,7.359764287381673e-06
6.308709677419302,7.390456515120584e-06
6.318709677419302,7.515583159613698e-06
6.328709677419302,7.642752016761069e-06
6.338709677419302,7.771995569938676e-06
6.3487096774193015,7.796730543608308e-06
6.358709677419301,7.92876041202773e-06
6.368709677419301,8.0246881812516e-06
6.378709677419301,8.096252117890773e-06
6.388709677419301,8.225330616395477e-06
6.3987096774193,8.364644470262702e-06
6.4087096774193,8.506232667531591e-06
6.4187096774193,8.658547168563397e-06
6.4287096774193,8.851293208507352e-06
6.4387096774193,8.986936273379e-06
6.448709677419299,9.187007885886145e-06
6.458709677419299,9.327749024256599e-06
6.468709677419299,9.535367530429094e-06
6.478709677419299,9.697998018658927e-06
6.4887096774192985,9.897043387004447e-06
6.498709677419298,1.009767218802118e-05
6.508709677419298,1.027233491977075e-05
6.518709677419298,1.0501038067703242e-05
6.528709677419298,1.0764893668175625e-05
6.538709677419297,1.0973807811456114e-05
6.548709677419297,1.1284999014200699e-05
6.558709677419297,1.1476005613975708e-05
6.568709677419297,1.1803267506908106e-05
6.578709677419297,1.2030783418705035e-05
6.588709677419296,1.2250880135326592e-05
6.598709677419296,1.252356930467956e-05
6.608709677419296,1.2692591294591508e-05
6.618709677419296,1.2910332589723445e-05
6.6287096774192955,1.3173472620660235e-05
6.638709677419295,1.3308907235778592e-05
6.648709677419295,1.3605224346685954e-05
6.658709677419295,1.3813704273794637e-05
6.668709677419295,1.4025343777293095e-05
6.678709677419294,1.4154273201292456e-05
6.688709677419294,1.4360211268773465e-05
6.698709677419294,1.4446522343431351e-05
6.708709677419294,1.4545273554799019e-05
6.718709677419294,1.4644699793797197e-05
6.728709677419293,1.4744805674671072e-05
6.738709677419293,1.4773026921859782e-05
6.748709677419293,1.489755315968149e-05
6.758709677419293,1.5023091546445192e-05
6.7687096774192925,1.5149650100912342e-05
6.778709677419292,1.5367305383759042e-05
6.788709677419292,1.5445957042178033e-05
6.798709677419292,1.5524608700597023e-05
6.808709677419292,1.5603260359016013e-05
6.8187096774192915,1.569169380817104e-05
6.828709677419291,1.5784282752584533e-05
6.838709677419291,1.5784282752584533e-05
6.848709677419291,1.5766279346725115e-05
6.858709677419291,1.5892178411161234e-05
6.86870967741929,1.6000811605508303e-05
6.87870967741929,1.6058562012935645e-05
6.88870967741929,1.619388118010276e-05
6.89870967741929,1.6331186991000324e-05
6.9087096774192895,1.6356193029065236e-05
6.918709677419289,1.6494074207651856e-05
6.928709677419289,1.663307613933122e-05
6.938709677419289,1.6668383773933263e-05
6.948709677419289,1.6685702510137655e-05
6.9587096774192885,1.682637450160603e-05
6.968709677419288,1.6897040728147544e-05
6.978709677419288,1.6994986483826653e-05
6.988709677419288,1.7138201321616666e-05
6.998709677419288,1.7245920927594073e-05
7.008709677419287,1.7363807817065766e-05
7.018709677419287,1.7575235691087032e-05
7.028709677419287,1.760200460104079e-05
7.038709677419287,1.775139997062753e-05
7.048709677419287,1.7843468969435875e-05
7.058709677419286,1.7843468969435875e-05
7.068709677419286,1.7843468969435875e-05
7.078709677419286,1.7843468969435875e-05
7.088709677419286,1.7722325549953617e-05
7.0987096774192855,1.7722325549953617e-05
7.108709677419285,1.7498753091228004e-05
7.118709677419285,1.710658220692696e-05
7.128709677419285,1.6631265491406417e-05
7.138709677419285,1.6097391252007126e-05
7.148709677419284,1.569940955354189e-05
7.158709677419284,1.525073873039954e-05
7.168709677419284,1.4794166454561368e-05
7.178709677419284,1.4351120470918587e-05
7.188709677419284,1.3948110544729213e-05
7.198709677419283,1.3325716227019587e-05
7.208709677419283,1.2731785076109163e-05
7.218709677419283,1.2047997008126314e-05
7.228709677419283,1.1337006996450016e-05
7.2387096774192825,1.0667544964709798e-05
7.248709677419282,1.0030593072366742e-05
7.258709677419282,9.38202610778182e-06
7.268709677419282,8.828472848585349e-06
7.278709677419282,8.307246679729715e-06
7.288709677419281,7.763638620164849e-06
7.298709677419281,7.319267297761961e-06
7.308709677419281,6.9219691305354845e-06
7.318709677419281,6.690272187315477e-06
7.328709677419281,6.433494189199732e-06
7.33870967741928,5.798472602294988e-06
7.34870967741928,5.692225780280055e-06
7.35870967741928,5.392908625589767e-06
7.36870967741928,5.171742649576458e-06
7.3787096774192795,5.016843108384306e-06
7.388709677419279,4.878500389973308e-06
7.398709677419279,4.80488401230682e-06
7.408709677419279,4.705924078863636e-06
7.418709677419279,4.629299984883526e-06
7.4287096774192785,4.577385115364225e-06
7.438709677419278,4.5996193623378845e-06
7.448709677419278,4.5761360003668096e-06
7.458709677419278,4.6101209994886454e-06
7.468709677419278,4.657066700616197e-06
7.478709677419277,4.680310661561789e-06
7.488709677419277,4.716411162122808e-06
7.498709677419277,4.851466596651338e-06
7.508709677419277,5.045539121255048e-06
7.5187096774192765,5.2895963275662085e-06
7.528709677419276,5.545235688458367e-06
7.538709677419276,5.812998826292907e-06
7.548709677419276,6.090722561374608e-06
7.558709677419276,6.418760832108597e-06
7.5687096774192755,6.810551928760389e-06
7.578709677419275,7.264209360042802e-06
7.588709677419275,7.77199556993712e-06
7.598709677419275,8.246631224840903e-06
7.608709677419275,8.690647867204938e-06
7.618709677419274,9.114821303102972e-06
7.628709677419274,9.396138906101088e-06
7.638709677419274,9.74182692967886e-06
7.648709677419274,9.891109426784525e-06
7.6587096774192736,1.0111302347151964e-05
7.668709677419273,1.0266195355783731e-05
7.678709677419273,1.0276241915035851e-05
7.688709677419273,1.0276241915035851e-05
7.698709677419273,1.0276241915035851e-05
7.7087096774192725,1.034648659491747e-05
7.718709677419272,1.0345362680040665e-05
7.728709677419272,1.0206474142460554e-05
7.738709677419272,1.010414468760848e-05
7.748709677419272,1.0019686640285891e-05
7.758709677419271,9.932107697393503e-06
7.768709677419271,9.864676331262329e-06
7.778709677419271,9.864676331262329e-06
7.788709677419271,9.864676331262329e-06
7.798709677419271,9.864676331262329e-06
7.80870967741927,9.864676331262329e-06
7.81870967741927,9.864676331262329e-06
7.82870967741927,9.864676331262329e-06
7.83870967741927,9.986421539477418e-06
7.8487096774192695,1.0137180039358022e-05
7.858709677419269,1.0050310302950893e-05
7.868709677419269,9.966325417908478e-06
7.878709677419269,9.883017662851306e-06
7.888709677419269,9.797702772202607e-06
7.898709677419268,9.784931151055888e-06
7.908709677419268,9.703171398784038e-06
7.918709677419268,9.622070794913033e-06
7.928709677419268,9.541624157827538e-06
7.938709677419268,9.46959403302717e-06
7.948709677419267,9.405302778662074e-06
7.958709677419267,9.405302778662074e-06
7.968709677419267,9.341448012426629e-06
7.978709677419267,9.405302778662074e-06
7.9887096774192665,9.487718636353491e-06
7.998709677419266,9.601290214335384e-06
8.008709677419265,9.763760728440952e-06
8.018709677419267,9.797702772202607e-06
8.028709677419265,9.932107697393503e-06
8.038709677419266,1.006835638987716e-05
8.048709677419264,1.0206474142460554e-05
8.058709677419266,1.034648659491747e-05
8.068709677419264,1.0488419738748272e-05
8.078709677419265,1.0586678918345e-05
8.088709677419263,1.0675907060328852e-05
8.098709677419265,1.0765860392305448e-05
8.108709677419263,1.0778153854181437e-05
8.118709677419265,1.0704978485880712e-05
8.128709677419263,1.0666604204155718e-05
8.138709677419264,1.0577439221404441e-05
8.148709677419262,1.0560114789633989e-05
8.158709677419264,1.0472469080294148e-05
8.168709677419262,1.034648659491747e-05
8.178709677419263,1.0206474142460554e-05
8.188709677419261,1.0137180039358022e-05
8.198709677419263,9.905761672939385e-06
8.208709677419261,9.66574039326875e-06
8.218709677419263,9.665116663769057e-06
8.22870967741926,9.479433103406378e-06
8.238709677419262,9.395120698043949e-06
8.24870967741926,9.278026770902378e-06
8.258709677419262,9.152473108773893e-06
8.26870967741926,9.028618484863676e-06
8.278709677419261,8.905475705466872e-06
8.28870967741926,8.785914694800349e-06
8.29870967741926,8.698301634804689e-06
8.308709677419259,8.625595425869854e-06
8.31870967741926,8.553475518872977e-06
8.328709677419258,8.482003510895363e-06
8.33870967741926,8.404735496377758e-06
8.348709677419258,8.560747250363191e-06
8.35870967741926,8.716759004348678e-06
8.368709677419258,8.678434319039408e-06
8.378709677419259,9.00766962383444e-06
8.388709677419257,9.250310880451662e-06
8.398709677419259,9.32825639418821e-06
8.408709677419257,9.537463764903993e-06
8.418709677419258,9.832110433048545e-06
8.428709677419256,1.0169804526150029e-05
8.438709677419258,1.0644342036678935e-05
8.448709677419256,1.1289993668666092e-05
8.458709677419257,1.1998444307933496e-05
8.468709677419255,1.2963552849790049e-05
8.478709677419257,1.4083037118900253e-05
8.488709677419255,1.5298250239080334e-05
8.498709677419257,1.6719954243970974e-05
8.508709677419255,1.7933560409183353e-05
8.518709677419256,1.9405327647230996e-05
8.528709677419254,2.0621522778827648e-05
8.538709677419256,2.1913729819915895e-05
8.548709677419254,2.3087609166399267e-05
8.558709677419255,2.416541561708294e-05
8.568709677419253,2.499504767317548e-05
8.578709677419255,2.5591510363864224e-05
8.588709677419253,2.5742605292805727e-05
8.598709677419254,2.5428775275811716e-05
8.608709677419252,2.497158086893813e-05
8.618709677419254,2.3805166268153877e-05
8.628709677419252,2.2550905147347956e-05
8.638709677419254,2.056929269529743e-05
8.648709677419252,1.8375999005396757e-05
8.658709677419253,1.6359743633479627e-05
8.668709677419251,1.4295526086371868e-05
8.678709677419253,1.247520172990399e-05
8.68870967741925,1.0843337031567332e-05
8.698709677419252,9.601134712848647e-06
8.70870967741925,8.217535024316603e-06
8.718709677419252,7.356472363934098e-06
8.72870967741925,5.68532800807015e-06
8.738709677419251,5.439487743915685e-06
8.74870967741925,5.205953548326147e-06
8.758709677419251,5.094488564390075e-06
8.768709677419249,5.107582420218863e-06
8.77870967741925,5.278884284823328e-06
8.788709677419249,5.510557841247797e-06
8.79870967741925,5.767667002401023e-06
8.808709677419248,6.024400966616329e-06
8.81870967741925,6.2956359648812005e-06
8.828709677419248,6.568762452547315e-06
8.83870967741925,6.875085547425693e-06
8.848709677419247,7.1473721665801875e-06
8.858709677419249,7.457239233457817e-06
8.868709677419247,7.776998910263862e-06
8.878709677419248,8.13972204975558e-06
8.888709677419246,8.461899589013682e-06
8.898709677419248,8.820759055994968e-06
8.908709677419246,9.207454612918902e-06
8.918709677419248,9.580791795576528e-06
8.928709677419246,9.944097582328723e-06
8.938709677419247,1.0115156471525793e-05
8.948709677419245,1.0518232447580113e-05
8.958709677419247,1.1165219149132374e-05
8.968709677419245,1.138561428577762e-05
8.978709677419246,1.2061284621134043e-05
8.988709677419244,1.2718301799389505e-05
8.998709677419246,1.3144309324500982e-05
9.008709677419244,1.3570316849612308e-05
9.018709677419245,1.4030617201508017e-05
9.028709677419243,1.4910989515602133e-05
9.038709677419245,1.5669330553406426e-05
9.048709677419243,1.702673553106992e-05
9.058709677419245,1.8910807732763362e-05
9.068709677419243,1.9904221820035848e-05
9.078709677419244,2.4044617903799577e-05
9.088709677419242,2.645372395120678e-05
9.098709677419244,2.7808061660240318e-05
9.108709677419242,2.915373389801295e-05
9.118709677419243,3.035627795166965e-05
9.128709677419241,2.9560148817632088e-05
9.138709677419243,2.8004329475570384e-05
9.148709677419241,2.6567174747319884e-05
9.158709677419242,2.53107838666055e-05
9.16870967741924,2.344736514812265e-05
9.178709677419242,2.0733575249935678e-05
9.18870967741924,1.885095886623605e-05
9.198709677419242,1.685156456745991e-05
9.20870967741924,1.5581372108758678e-05
